type,date,fare
Rural,2019-01-01 09:45:36,43.69
Rural,2019-01-02 11:18:32,52.12
Rural,2019-01-03 19:51:01,19.9
Rural,2019-01-04 03:31:26,24.88
Rural,2019-01-06 07:38:40,47.33
Rural,2019-01-08 06:19:45,19.39
Rural,2019-01-09 15:30:35,31.84
Rural,2019-01-11 04:39:27,16.42
Rural,2019-01-14 07:09:17,18.05
Rural,2019-01-14 15:58:48,54.1
Rural,2019-01-15 21:44:26,30.26
Rural,2019-01-18 00:46:28,15.12
Rural,2019-01-18 07:36:46,43.57
Rural,2019-01-19 11:40:46,49.44
Rural,2019-01-19 12:38:07,38.68
Rural,2019-01-19 20:21:54,56.78
Rural,2019-01-22 12:42:55,13.5
Rural,2019-01-22 15:36:24,10.11
Rural,2019-01-23 06:52:00,40.24
Rural,2019-01-24 13:32:12,34.74
Rural,2019-01-27 17:33:41,42.68
Rural,2019-01-27 18:43:05,38.42
Rural,2019-01-28 15:55:33,31.25
Rural,2019-01-30 00:05:47,20.76
Rural,2019-01-30 01:40:16,37.05
Rural,2019-01-30 10:55:23,51.39
Rural,2019-01-31 17:57:25,58.29
Rural,2019-02-01 08:59:24,17.05
Rural,2019-02-02 06:28:04,53.07
Rural,2019-02-02 14:54:00,12.42
Rural,2019-02-03 17:15:31,51.8
Rural,2019-02-04 16:29:23,13.97
Rural,2019-02-04 23:54:51,45.7
Rural,2019-02-05 22:53:21,45.02
Rural,2019-02-10 21:03:50,11.11
Rural,2019-02-11 05:42:29,25.78
Rural,2019-02-16 17:02:51,39.46
Rural,2019-02-17 04:42:56,30.58
Rural,2019-02-18 18:27:48,36.16
Rural,2019-02-18 22:21:26,34.32
Rural,2019-02-19 00:23:09,32.72
Rural,2019-02-19 03:52:47,58.55
Rural,2019-02-20 16:32:36,44.29
Rural,2019-02-21 19:16:48,55.4
Rural,2019-02-22 01:46:43,33.38
Rural,2019-02-22 09:01:37,17.4
Rural,2019-02-23 12:00:59,37.05
Rural,2019-02-23 21:12:24,47.9
Rural,2019-02-24 00:44:00,21.89
Rural,2019-02-25 04:10:19,16.18
Rural,2019-02-25 19:06:00,54.66
Rural,2019-02-25 23:46:02,28.65
Rural,2019-02-26 07:03:11,54.66
Rural,2019-03-02 21:04:10,20.99
Rural,2019-03-05 04:46:17,29.45
Rural,2019-03-05 21:19:53,38.18
Rural,2019-03-06 09:09:23,44.17
Rural,2019-03-06 20:06:51,48.11
Rural,2019-03-06 21:44:53,19.74
Rural,2019-03-07 19:10:13,48.79
Rural,2019-03-10 10:05:15,56.48
Rural,2019-03-10 10:11:37,19.02
Rural,2019-03-11 00:51:24,49.82
Rural,2019-03-12 04:22:26,26.55
Rural,2019-03-12 13:05:56,23.21
Rural,2019-03-13 06:41:49,26.09
Rural,2019-03-13 14:40:18,37.72
Rural,2019-03-18 10:38:05,40.34
Rural,2019-03-18 16:59:40,33.72
Rural,2019-03-22 22:20:54,38.3
Rural,2019-03-24 07:34:03,19.89
Rural,2019-03-24 18:53:18,57.51
Rural,2019-03-25 13:36:46,10.37
Rural,2019-03-27 12:07:50,34.42
Rural,2019-03-27 18:27:34,54.85
Rural,2019-03-27 21:07:16,11.87
Rural,2019-03-27 21:48:36,38.62
Rural,2019-03-28 00:12:09,35.45
Rural,2019-03-29 09:11:30,13.84
Rural,2019-04-01 09:32:45,21.63
Rural,2019-04-01 13:39:13,26.73
Rural,2019-04-01 16:37:45,54.65
Rural,2019-04-02 09:17:31,47.07
Rural,2019-04-02 10:26:50,14.11
Rural,2019-04-02 21:00:22,13.46
Rural,2019-04-03 05:41:37,38.92
Rural,2019-04-04 01:58:37,43.86
Rural,2019-04-04 13:13:40,51.83
Rural,2019-04-05 14:35:42,32.2
Rural,2019-04-05 21:38:18,50.98
Rural,2019-04-06 01:01:29,45.31
Rural,2019-04-07 21:12:49,49.7
Rural,2019-04-07 23:42:07,10.79
Rural,2019-04-08 13:46:03,55.19
Rural,2019-04-10 09:47:54,19.07
Rural,2019-04-10 20:46:11,43.25
Rural,2019-04-12 18:11:50,57.23
Rural,2019-04-13 11:13:31,43.22
Rural,2019-04-13 16:08:11,39.89
Rural,2019-04-14 07:06:11,11.94
Rural,2019-04-16 16:30:50,17.39
Rural,2019-04-16 21:12:48,24.1
Rural,2019-04-17 01:48:27,17.31
Rural,2019-04-18 19:26:25,30.94
Rural,2019-04-18 19:33:12,46.6
Rural,2019-04-18 19:43:54,42.97
Rural,2019-04-19 04:32:47,16.29
Rural,2019-04-21 21:14:22,18.54
Rural,2019-04-22 16:56:46,38.46
Rural,2019-04-22 17:28:52,19.27
Rural,2019-04-23 12:21:59,25.94
Rural,2019-04-25 10:20:13,55.84
Rural,2019-04-27 06:02:10,38.33
Rural,2019-04-27 17:58:27,14.01
Rural,2019-04-29 01:58:44,54.22
Rural,2019-04-29 17:04:39,13.38
Rural,2019-04-30 01:50:44,50.81
Rural,2019-04-30 21:26:22,37.33
Rural,2019-05-01 08:14:47,22.44
Rural,2019-05-02 11:57:42,52.71
Rural,2019-05-05 19:29:38,26.53
Rural,2019-05-06 00:58:17,41.18
Rural,2019-05-06 08:57:56,51.8
Rural,2019-05-06 16:57:16,18.9
Rural,2019-05-07 19:22:15,44.94
Suburban,2019-01-01 00:46:46,47.74
Suburban,2019-01-01 02:07:24,24.07
Suburban,2019-01-01 12:32:48,25.56
Suburban,2019-01-01 14:52:06,31.15
Suburban,2019-01-02 00:13:08,44.71
Suburban,2019-01-02 01:41:26,49.95
Suburban,2019-01-02 07:26:53,33.57
Suburban,2019-01-02 15:38:25,45.32
Suburban,2019-01-02 16:22:46,47.07
Suburban,2019-01-02 16:59:55,33.62
Suburban,2019-01-02 17:52:38,20.68
Suburban,2019-01-03 01:16:44,14.61
Suburban,2019-01-03 09:58:50,38.31
Suburban,2019-01-03 13:04:14,12.6
Suburban,2019-01-03 17:02:29,47.97
Suburban,2019-01-03 21:29:48,19.99
Suburban,2019-01-04 10:24:04,20.69
Suburban,2019-01-05 13:42:28,31.48
Suburban,2019-01-05 14:49:26,47.38
Suburban,2019-01-05 17:58:39,22.5
Suburban,2019-01-06 02:08:30,39.83
Suburban,2019-01-06 11:43:01,22.8
Suburban,2019-01-07 10:02:58,28.74
Suburban,2019-01-07 10:41:44,27.44
Suburban,2019-01-07 17:32:46,17.57
Suburban,2019-01-07 19:37:28,46.64
Suburban,2019-01-07 20:09:43,34.62
Suburban,2019-01-08 16:01:36,30.66
Suburban,2019-01-08 19:26:40,26.16
Suburban,2019-01-09 03:44:08,14.41
Suburban,2019-01-09 09:01:36,38.57
Suburban,2019-01-09 11:55:20,29.19
Suburban,2019-01-09 19:41:26,19.77
Suburban,2019-01-09 23:59:36,48.73
Suburban,2019-01-10 00:17:24,47.52
Suburban,2019-01-10 04:20:54,18.22
Suburban,2019-01-10 06:32:04,45.81
Suburban,2019-01-10 06:49:58,27.7
Suburban,2019-01-10 08:33:56,23.02
Suburban,2019-01-10 11:08:48,37.96
Suburban,2019-01-10 11:10:22,40.2
Suburban,2019-01-10 11:15:30,24.65
Suburban,2019-01-10 12:41:37,49.19
Suburban,2019-01-10 19:17:37,33.85
Suburban,2019-01-11 00:04:46,23.44
Suburban,2019-01-11 00:28:17,49.28
Suburban,2019-01-11 02:12:41,12.21
Suburban,2019-01-11 16:25:01,31.26
Suburban,2019-01-11 16:25:13,37.35
Suburban,2019-01-11 20:17:36,46.51
Suburban,2019-01-12 02:10:45,26.41
Suburban,2019-01-12 22:48:48,30.79
Suburban,2019-01-13 04:32:34,44.66
Suburban,2019-01-13 15:21:33,23.83
Suburban,2019-01-13 15:30:59,20.93
Suburban,2019-01-13 18:22:18,28.37
Suburban,2019-01-13 20:10:45,19.47
Suburban,2019-01-14 07:33:05,40.72
Suburban,2019-01-14 08:29:25,25.02
Suburban,2019-01-14 12:35:27,28.02
Suburban,2019-01-14 16:59:57,15.06
Suburban,2019-01-14 19:24:50,21.46
Suburban,2019-01-15 03:55:58,21.97
Suburban,2019-01-15 04:53:21,16.6
Suburban,2019-01-15 12:26:34,35.34
Suburban,2019-01-15 12:51:37,47.01
Suburban,2019-01-15 15:04:33,22.44
Suburban,2019-01-15 18:16:14,33.95
Suburban,2019-01-15 19:03:42,14.87
Suburban,2019-01-15 19:40:34,28.15
Suburban,2019-01-16 03:08:59,20.27
Suburban,2019-01-16 13:20:41,47.66
Suburban,2019-01-16 13:38:10,21.06
Suburban,2019-01-16 15:44:02,46.2
Suburban,2019-01-17 01:26:36,28.65
Suburban,2019-01-17 04:55:14,35.94
Suburban,2019-01-17 09:19:38,24.22
Suburban,2019-01-17 17:58:27,28.28
Suburban,2019-01-17 18:16:29,35.68
Suburban,2019-01-17 18:29:58,28.54
Suburban,2019-01-17 20:12:17,40.87
Suburban,2019-01-17 21:33:35,21.71
Suburban,2019-01-18 04:09:11,32.13
Suburban,2019-01-18 06:31:29,33.07
Suburban,2019-01-18 10:21:24,14.75
Suburban,2019-01-18 10:33:29,33.04
Suburban,2019-01-18 18:40:38,44.05
Suburban,2019-01-19 00:13:41,44.36
Suburban,2019-01-19 03:13:31,41.94
Suburban,2019-01-19 15:24:42,24.4
Suburban,2019-01-19 19:28:27,29.94
Suburban,2019-01-19 23:24:08,19.28
Suburban,2019-01-20 05:00:30,22.02
Suburban,2019-01-20 05:13:43,20.89
Suburban,2019-01-20 08:25:35,30.37
Suburban,2019-01-20 12:47:59,35.0
Suburban,2019-01-20 17:06:15,38.74
Suburban,2019-01-20 19:11:21,24.53
Suburban,2019-01-21 10:21:39,34.06
Suburban,2019-01-21 19:54:08,41.95
Suburban,2019-01-22 00:59:29,40.67
Suburban,2019-01-22 02:35:12,48.45
Suburban,2019-01-22 10:21:39,46.43
Suburban,2019-01-22 14:48:11,32.03
Suburban,2019-01-22 14:55:35,18.45
Suburban,2019-01-22 20:43:30,35.01
Suburban,2019-01-23 00:24:51,46.83
Suburban,2019-01-23 00:46:21,14.29
Suburban,2019-01-23 06:04:50,24.91
Suburban,2019-01-23 18:17:47,26.69
Suburban,2019-01-23 19:59:28,27.09
Suburban,2019-01-23 23:42:43,27.11
Suburban,2019-01-24 06:29:33,32.31
Suburban,2019-01-24 08:27:55,23.8
Suburban,2019-01-24 19:21:15,47.83
Suburban,2019-01-25 01:04:58,41.85
Suburban,2019-01-25 05:27:28,35.65
Suburban,2019-01-25 06:31:47,24.13
Suburban,2019-01-25 10:17:54,39.35
Suburban,2019-01-25 11:35:50,44.61
Suburban,2019-01-25 11:58:33,48.32
Suburban,2019-01-25 12:12:35,39.12
Suburban,2019-01-25 20:46:18,32.38
Suburban,2019-01-25 21:44:01,48.81
Suburban,2019-01-26 04:48:10,39.19
Suburban,2019-01-26 08:07:22,23.94
Suburban,2019-01-26 11:16:17,49.22
Suburban,2019-01-27 03:08:01,27.79
Suburban,2019-01-27 09:53:22,28.56
Suburban,2019-01-27 12:15:38,46.97
Suburban,2019-01-27 12:18:40,43.06
Suburban,2019-01-27 19:15:34,22.42
Suburban,2019-01-28 08:33:08,23.73
Suburban,2019-01-28 11:38:16,35.6
Suburban,2019-01-28 11:55:30,30.98
Suburban,2019-01-28 15:34:02,45.7
Suburban,2019-01-28 23:31:02,21.85
Suburban,2019-01-29 03:50:50,48.05
Suburban,2019-01-29 04:04:14,35.5
Suburban,2019-01-29 12:51:02,38.47
Suburban,2019-01-30 01:51:47,17.5
Suburban,2019-01-30 02:27:30,48.78
Suburban,2019-01-30 05:20:56,36.81
Suburban,2019-01-30 14:09:33,46.7
Suburban,2019-01-30 15:08:13,32.4
Suburban,2019-01-30 20:43:57,49.52
Suburban,2019-01-31 02:16:32,23.41
Suburban,2019-01-31 19:56:10,12.87
Suburban,2019-02-01 02:36:34,33.85
Suburban,2019-02-01 04:21:21,20.44
Suburban,2019-02-01 04:31:15,34.09
Suburban,2019-02-01 04:56:29,35.6
Suburban,2019-02-01 17:54:05,38.9
Suburban,2019-02-01 20:59:22,16.11
Suburban,2019-02-02 03:49:35,26.42
Suburban,2019-02-02 05:37:58,26.45
Suburban,2019-02-02 14:18:01,17.55
Suburban,2019-02-02 19:04:15,36.71
Suburban,2019-02-02 19:14:51,25.68
Suburban,2019-02-03 03:14:14,40.18
Suburban,2019-02-03 05:47:32,22.82
Suburban,2019-02-03 08:51:22,42.89
Suburban,2019-02-03 13:58:48,33.84
Suburban,2019-02-03 14:48:11,43.39
Suburban,2019-02-04 09:41:31,49.21
Suburban,2019-02-04 11:01:24,38.38
Suburban,2019-02-04 14:59:51,45.75
Suburban,2019-02-04 19:03:01,31.44
Suburban,2019-02-04 22:35:11,29.87
Suburban,2019-02-05 03:17:09,21.45
Suburban,2019-02-05 18:23:12,27.55
Suburban,2019-02-05 19:25:58,47.15
Suburban,2019-02-05 20:42:28,46.91
Suburban,2019-02-05 22:03:38,35.76
Suburban,2019-02-06 00:42:46,13.59
Suburban,2019-02-06 02:32:22,35.41
Suburban,2019-02-06 16:28:16,45.86
Suburban,2019-02-06 20:06:36,18.33
Suburban,2019-02-06 20:33:58,33.22
Suburban,2019-02-06 20:39:59,13.03
Suburban,2019-02-07 00:21:48,12.58
Suburban,2019-02-07 06:56:45,31.94
Suburban,2019-02-07 13:18:22,27.02
Suburban,2019-02-07 20:52:57,15.98
Suburban,2019-02-08 10:30:53,40.27
Suburban,2019-02-08 19:50:47,28.27
Suburban,2019-02-08 21:11:13,27.93
Suburban,2019-02-09 04:01:24,37.52
Suburban,2019-02-09 06:55:14,26.39
Suburban,2019-02-09 12:26:03,40.83
Suburban,2019-02-10 03:12:51,35.76
Suburban,2019-02-10 07:56:36,35.39
Suburban,2019-02-10 15:11:49,20.98
Suburban,2019-02-10 16:40:09,37.22
Suburban,2019-02-10 23:43:22,23.35
Suburban,2019-02-11 09:00:54,30.56
Suburban,2019-02-11 15:07:10,28.64
Suburban,2019-02-11 17:28:27,17.97
Suburban,2019-02-11 17:43:43,23.06
Suburban,2019-02-12 02:44:55,33.19
Suburban,2019-02-12 09:45:02,20.03
Suburban,2019-02-12 10:07:16,49.55
Suburban,2019-02-12 17:54:17,26.49
Suburban,2019-02-12 20:27:25,15.31
Suburban,2019-02-12 23:18:53,47.41
Suburban,2019-02-13 06:07:20,48.59
Suburban,2019-02-13 09:16:55,38.55
Suburban,2019-02-13 09:44:34,42.61
Suburban,2019-02-13 15:40:11,31.67
Suburban,2019-02-14 01:59:34,30.39
Suburban,2019-02-14 07:07:15,16.86
Suburban,2019-02-14 17:13:40,42.13
Suburban,2019-02-14 17:38:17,42.31
Suburban,2019-02-14 20:03:27,20.26
Suburban,2019-02-15 10:47:34,45.4
Suburban,2019-02-15 13:31:47,40.6
Suburban,2019-02-16 03:35:52,29.99
Suburban,2019-02-16 03:51:28,15.04
Suburban,2019-02-16 07:08:25,39.8
Suburban,2019-02-16 07:14:19,47.31
Suburban,2019-02-16 17:34:31,29.25
Suburban,2019-02-16 17:52:27,22.81
Suburban,2019-02-16 17:53:54,14.94
Suburban,2019-02-16 19:18:44,26.66
Suburban,2019-02-16 20:00:05,20.35
Suburban,2019-02-17 13:16:12,34.17
Suburban,2019-02-17 14:10:00,22.76
Suburban,2019-02-17 17:21:26,12.6
Suburban,2019-02-17 23:01:31,38.24
Suburban,2019-02-18 01:12:45,38.47
Suburban,2019-02-18 06:29:58,41.32
Suburban,2019-02-18 07:04:48,17.06
Suburban,2019-02-18 09:31:03,38.8
Suburban,2019-02-18 10:21:39,41.54
Suburban,2019-02-18 10:30:42,12.55
Suburban,2019-02-18 11:25:31,21.66
Suburban,2019-02-18 11:38:56,47.37
Suburban,2019-02-18 11:53:43,49.38
Suburban,2019-02-18 12:17:12,23.87
Suburban,2019-02-18 14:27:55,40.22
Suburban,2019-02-18 18:35:53,42.32
Suburban,2019-02-18 20:41:01,35.03
Suburban,2019-02-19 02:23:12,23.45
Suburban,2019-02-19 04:44:18,31.72
Suburban,2019-02-19 07:48:32,22.23
Suburban,2019-02-19 08:21:56,42.1
Suburban,2019-02-19 12:50:35,29.37
Suburban,2019-02-19 14:30:03,22.97
Suburban,2019-02-19 18:08:23,45.55
Suburban,2019-02-19 19:52:37,19.52
Suburban,2019-02-20 01:41:29,46.67
Suburban,2019-02-20 04:19:28,43.09
Suburban,2019-02-20 21:56:22,33.61
Suburban,2019-02-21 01:34:23,36.37
Suburban,2019-02-21 12:56:58,22.96
Suburban,2019-02-21 19:36:31,41.21
Suburban,2019-02-21 22:04:15,30.97
Suburban,2019-02-21 23:06:09,23.3
Suburban,2019-02-22 06:26:20,37.51
Suburban,2019-02-22 14:39:23,16.97
Suburban,2019-02-22 14:40:05,20.35
Suburban,2019-02-22 23:29:54,23.36
Suburban,2019-02-23 04:35:04,46.02
Suburban,2019-02-23 11:22:24,23.5
Suburban,2019-02-23 16:30:58,26.28
Suburban,2019-02-24 03:58:18,40.92
Suburban,2019-02-24 06:25:27,41.57
Suburban,2019-02-24 07:58:58,45.66
Suburban,2019-02-24 13:40:17,12.86
Suburban,2019-02-24 16:37:18,36.88
Suburban,2019-02-24 16:51:34,48.8
Suburban,2019-02-24 18:02:03,27.38
Suburban,2019-02-25 00:01:15,22.27
Suburban,2019-02-25 03:54:05,26.33
Suburban,2019-02-25 10:17:56,35.8
Suburban,2019-02-25 21:40:18,20.44
Suburban,2019-02-26 11:53:18,12.49
Suburban,2019-02-26 12:23:14,16.39
Suburban,2019-02-26 12:59:19,12.64
Suburban,2019-02-26 17:44:43,32.7
Suburban,2019-02-26 18:56:01,24.28
Suburban,2019-02-27 17:13:14,44.91
Suburban,2019-02-27 17:38:39,17.1
Suburban,2019-02-27 18:56:43,36.26
Suburban,2019-02-28 05:55:43,46.4
Suburban,2019-02-28 07:10:27,17.09
Suburban,2019-02-28 08:46:35,31.14
Suburban,2019-02-28 11:07:35,41.18
Suburban,2019-02-28 20:26:11,42.71
Suburban,2019-02-28 21:02:12,35.07
Suburban,2019-03-01 04:34:45,43.77
Suburban,2019-03-01 13:10:47,34.24
Suburban,2019-03-02 02:11:21,36.81
Suburban,2019-03-02 02:47:45,14.32
Suburban,2019-03-02 07:48:06,33.22
Suburban,2019-03-02 12:06:00,14.95
Suburban,2019-03-02 17:06:03,13.92
Suburban,2019-03-02 23:36:58,36.49
Suburban,2019-03-03 04:25:34,46.01
Suburban,2019-03-03 06:14:36,18.17
Suburban,2019-03-03 13:17:20,33.97
Suburban,2019-03-03 19:43:29,17.39
Suburban,2019-03-04 01:04:32,16.6
Suburban,2019-03-04 03:06:14,27.67
Suburban,2019-03-04 04:10:30,17.89
Suburban,2019-03-04 21:52:28,20.83
Suburban,2019-03-05 04:33:30,13.39
Suburban,2019-03-05 11:48:59,29.12
Suburban,2019-03-05 12:31:13,14.15
Suburban,2019-03-05 19:06:05,25.44
Suburban,2019-03-05 19:18:37,32.29
Suburban,2019-03-05 22:01:35,19.21
Suburban,2019-03-05 22:04:15,48.2
Suburban,2019-03-06 03:55:58,25.69
Suburban,2019-03-06 06:36:21,46.07
Suburban,2019-03-06 08:49:32,13.61
Suburban,2019-03-06 10:01:58,13.86
Suburban,2019-03-06 14:00:04,35.95
Suburban,2019-03-06 17:11:44,15.53
Suburban,2019-03-07 02:22:26,39.17
Suburban,2019-03-07 02:57:25,29.34
Suburban,2019-03-07 17:57:04,26.55
Suburban,2019-03-07 22:30:47,29.43
Suburban,2019-03-08 04:55:41,43.79
Suburban,2019-03-08 05:29:57,42.68
Suburban,2019-03-08 11:06:45,41.85
Suburban,2019-03-08 15:28:03,31.71
Suburban,2019-03-08 16:35:39,26.12
Suburban,2019-03-08 17:43:57,34.45
Suburban,2019-03-08 19:51:14,16.35
Suburban,2019-03-09 02:23:55,35.3
Suburban,2019-03-09 09:54:33,25.08
Suburban,2019-03-09 11:22:47,21.44
Suburban,2019-03-09 23:07:34,26.24
Suburban,2019-03-10 02:11:51,40.27
Suburban,2019-03-12 05:26:11,23.46
Suburban,2019-03-12 06:05:13,31.23
Suburban,2019-03-12 10:46:49,38.26
Suburban,2019-03-12 19:25:22,29.47
Suburban,2019-03-13 05:28:21,45.43
Suburban,2019-03-13 08:07:04,27.54
Suburban,2019-03-13 14:50:48,18.72
Suburban,2019-03-13 16:06:10,14.36
Suburban,2019-03-13 23:19:14,21.62
Suburban,2019-03-14 00:49:54,13.09
Suburban,2019-03-14 01:22:19,47.93
Suburban,2019-03-14 03:47:26,16.5
Suburban,2019-03-14 09:47:00,44.31
Suburban,2019-03-14 19:44:33,35.79
Suburban,2019-03-14 23:10:28,25.12
Suburban,2019-03-15 05:02:16,48.34
Suburban,2019-03-15 08:22:42,15.71
Suburban,2019-03-15 12:09:42,31.58
Suburban,2019-03-15 13:10:56,39.66
Suburban,2019-03-15 19:42:56,37.09
Suburban,2019-03-16 11:15:13,20.59
Suburban,2019-03-16 18:07:57,20.1
Suburban,2019-03-16 18:10:06,35.36
Suburban,2019-03-16 20:49:24,19.23
Suburban,2019-03-16 23:48:07,28.99
Suburban,2019-03-17 00:39:06,47.75
Suburban,2019-03-17 04:31:36,18.09
Suburban,2019-03-17 05:25:31,20.74
Suburban,2019-03-17 08:33:35,45.33
Suburban,2019-03-17 20:29:08,44.81
Suburban,2019-03-18 02:32:55,40.81
Suburban,2019-03-18 08:04:49,44.21
Suburban,2019-03-18 11:45:35,33.83
Suburban,2019-03-18 12:07:10,36.26
Suburban,2019-03-18 22:55:17,35.58
Suburban,2019-03-19 00:04:50,33.43
Suburban,2019-03-19 05:25:09,18.01
Suburban,2019-03-19 05:49:55,45.52
Suburban,2019-03-19 06:00:46,31.16
Suburban,2019-03-19 08:13:37,25.46
Suburban,2019-03-19 08:30:01,44.85
Suburban,2019-03-19 10:43:53,20.04
Suburban,2019-03-19 12:25:21,40.39
Suburban,2019-03-19 16:48:22,29.54
Suburban,2019-03-19 17:33:54,37.42
Suburban,2019-03-19 17:37:16,28.19
Suburban,2019-03-19 19:18:34,46.42
Suburban,2019-03-19 19:25:49,48.98
Suburban,2019-03-20 05:36:50,35.34
Suburban,2019-03-20 18:52:21,35.09
Suburban,2019-03-21 01:45:29,22.12
Suburban,2019-03-21 11:01:26,17.43
Suburban,2019-03-21 22:45:23,49.59
Suburban,2019-03-22 03:05:41,38.41
Suburban,2019-03-22 05:00:48,24.8
Suburban,2019-03-22 16:17:49,38.66
Suburban,2019-03-22 20:18:32,25.86
Suburban,2019-03-22 21:54:52,14.13
Suburban,2019-03-23 02:01:07,40.53
Suburban,2019-03-23 09:36:42,18.58
Suburban,2019-03-23 21:53:17,40.07
Suburban,2019-03-24 02:53:43,31.53
Suburban,2019-03-24 21:04:18,49.96
Suburban,2019-03-25 01:20:22,17.99
Suburban,2019-03-25 02:14:26,40.11
Suburban,2019-03-25 08:26:36,18.16
Suburban,2019-03-25 12:57:21,21.89
Suburban,2019-03-26 04:20:21,28.69
Suburban,2019-03-26 04:33:30,19.03
Suburban,2019-03-26 05:52:39,48.26
Suburban,2019-03-26 08:11:14,37.29
Suburban,2019-03-26 08:40:45,26.24
Suburban,2019-03-26 11:33:21,28.71
Suburban,2019-03-26 18:27:51,24.27
Suburban,2019-03-26 18:27:56,30.32
Suburban,2019-03-26 19:35:06,19.22
Suburban,2019-03-27 01:37:59,34.65
Suburban,2019-03-27 08:12:04,29.07
Suburban,2019-03-27 09:35:08,34.54
Suburban,2019-03-27 11:55:03,28.8
Suburban,2019-03-27 16:22:09,36.0
Suburban,2019-03-27 19:44:37,49.65
Suburban,2019-03-28 01:32:07,43.77
Suburban,2019-03-28 04:12:36,26.22
Suburban,2019-03-28 04:27:58,17.5
Suburban,2019-03-28 11:03:53,26.01
Suburban,2019-03-28 14:25:57,14.75
Suburban,2019-03-28 19:16:00,34.03
Suburban,2019-03-29 02:52:48,44.12
Suburban,2019-03-29 04:50:41,34.84
Suburban,2019-03-29 07:24:39,14.21
Suburban,2019-03-29 08:36:20,37.6
Suburban,2019-03-29 20:14:14,14.77
Suburban,2019-03-29 22:38:04,34.97
Suburban,2019-03-30 00:54:10,16.53
Suburban,2019-03-30 09:45:11,44.74
Suburban,2019-03-30 17:23:54,23.87
Suburban,2019-03-31 06:05:30,44.24
Suburban,2019-04-01 00:02:26,24.4
Suburban,2019-04-01 03:17:42,28.07
Suburban,2019-04-01 03:46:48,23.73
Suburban,2019-04-01 22:04:35,38.71
Suburban,2019-04-02 01:04:22,20.0
Suburban,2019-04-02 03:59:06,16.63
Suburban,2019-04-02 04:02:51,23.78
Suburban,2019-04-02 04:29:09,34.38
Suburban,2019-04-02 08:53:30,21.31
Suburban,2019-04-02 12:23:30,49.33
Suburban,2019-04-02 16:29:09,33.41
Suburban,2019-04-02 17:12:08,12.19
Suburban,2019-04-02 19:38:11,28.55
Suburban,2019-04-03 03:27:45,12.76
Suburban,2019-04-03 12:18:33,26.93
Suburban,2019-04-03 17:52:26,21.29
Suburban,2019-04-03 22:33:51,15.59
Suburban,2019-04-04 03:48:54,18.77
Suburban,2019-04-04 06:02:51,16.9
Suburban,2019-04-04 10:59:52,23.38
Suburban,2019-04-04 21:05:55,23.79
Suburban,2019-04-04 21:13:48,21.56
Suburban,2019-04-05 01:38:49,19.57
Suburban,2019-04-05 05:23:54,43.91
Suburban,2019-04-05 11:36:47,28.07
Suburban,2019-04-05 14:12:55,33.5
Suburban,2019-04-06 03:38:40,18.11
Suburban,2019-04-06 10:06:34,38.39
Suburban,2019-04-06 11:22:21,43.21
Suburban,2019-04-06 15:38:15,17.99
Suburban,2019-04-06 20:29:14,40.55
Suburban,2019-04-07 00:32:23,36.32
Suburban,2019-04-07 00:42:08,35.76
Suburban,2019-04-07 03:41:34,13.71
Suburban,2019-04-07 06:31:28,18.98
Suburban,2019-04-07 06:35:19,46.5
Suburban,2019-04-07 14:43:07,21.95
Suburban,2019-04-07 19:44:19,18.75
Suburban,2019-04-08 14:44:02,46.37
Suburban,2019-04-08 18:59:12,21.29
Suburban,2019-04-08 19:51:30,35.16
Suburban,2019-04-08 20:02:21,35.64
Suburban,2019-04-09 01:04:45,29.03
Suburban,2019-04-09 15:34:40,27.66
Suburban,2019-04-09 20:40:38,21.2
Suburban,2019-04-10 03:39:14,34.14
Suburban,2019-04-10 04:41:43,38.08
Suburban,2019-04-10 06:25:27,30.41
Suburban,2019-04-10 10:56:10,32.26
Suburban,2019-04-10 20:04:50,35.83
Suburban,2019-04-10 20:44:59,21.38
Suburban,2019-04-10 23:05:53,48.31
Suburban,2019-04-11 03:24:14,34.4
Suburban,2019-04-12 06:51:14,33.18
Suburban,2019-04-12 14:30:09,37.37
Suburban,2019-04-12 15:01:08,49.15
Suburban,2019-04-12 15:21:04,17.26
Suburban,2019-04-13 07:09:45,24.9
Suburban,2019-04-13 23:28:53,25.61
Suburban,2019-04-14 02:15:14,15.17
Suburban,2019-04-14 18:06:52,41.17
Suburban,2019-04-14 21:00:30,49.85
Suburban,2019-04-15 00:07:05,32.13
Suburban,2019-04-15 04:12:53,47.17
Suburban,2019-04-15 08:06:49,23.06
Suburban,2019-04-15 16:39:18,45.64
Suburban,2019-04-15 19:22:28,27.16
Suburban,2019-04-16 18:17:30,42.08
Suburban,2019-04-16 21:06:59,42.94
Suburban,2019-04-17 05:45:42,32.72
Suburban,2019-04-17 19:11:04,30.81
Suburban,2019-04-17 20:06:46,39.47
Suburban,2019-04-17 22:37:19,28.68
Suburban,2019-04-17 23:24:53,20.51
Suburban,2019-04-18 00:06:36,26.98
Suburban,2019-04-18 00:52:13,12.05
Suburban,2019-04-18 15:43:15,47.3
Suburban,2019-04-19 01:06:59,37.78
Suburban,2019-04-19 01:08:58,21.92
Suburban,2019-04-19 05:52:21,44.24
Suburban,2019-04-19 07:57:59,17.27
Suburban,2019-04-19 09:25:56,17.51
Suburban,2019-04-19 10:36:41,28.28
Suburban,2019-04-19 14:47:58,44.82
Suburban,2019-04-19 17:18:53,29.27
Suburban,2019-04-19 19:05:10,29.12
Suburban,2019-04-19 20:01:34,34.93
Suburban,2019-04-19 21:05:09,22.42
Suburban,2019-04-19 21:55:50,24.58
Suburban,2019-04-20 00:03:07,23.58
Suburban,2019-04-20 02:52:45,20.83
Suburban,2019-04-20 02:52:54,30.82
Suburban,2019-04-20 03:18:12,41.85
Suburban,2019-04-20 03:54:49,21.23
Suburban,2019-04-20 04:56:35,37.15
Suburban,2019-04-20 07:06:27,46.24
Suburban,2019-04-20 10:09:38,46.8
Suburban,2019-04-21 03:08:39,17.8
Suburban,2019-04-21 15:21:47,12.13
Suburban,2019-04-22 01:33:03,46.5
Suburban,2019-04-22 03:14:42,31.24
Suburban,2019-04-22 07:16:32,31.43
Suburban,2019-04-22 12:38:49,16.31
Suburban,2019-04-22 20:56:25,44.68
Suburban,2019-04-23 04:56:58,47.08
Suburban,2019-04-23 14:20:23,33.66
Suburban,2019-04-23 16:05:47,42.26
Suburban,2019-04-23 17:09:32,16.1
Suburban,2019-04-23 20:31:04,34.87
Suburban,2019-04-23 20:34:22,47.51
Suburban,2019-04-24 08:08:13,18.22
Suburban,2019-04-24 08:51:54,26.84
Suburban,2019-04-24 10:06:18,45.92
Suburban,2019-04-24 10:29:15,42.58
Suburban,2019-04-24 12:24:07,37.71
Suburban,2019-04-24 19:16:19,49.45
Suburban,2019-04-25 07:08:25,23.6
Suburban,2019-04-25 11:50:39,38.81
Suburban,2019-04-25 17:18:29,32.93
Suburban,2019-04-25 18:21:25,24.51
Suburban,2019-04-25 19:11:43,36.13
Suburban,2019-04-26 02:02:57,27.2
Suburban,2019-04-26 03:30:47,30.75
Suburban,2019-04-26 08:14:46,40.76
Suburban,2019-04-26 23:15:57,33.74
Suburban,2019-04-27 02:28:49,14.01
Suburban,2019-04-27 05:31:31,36.11
Suburban,2019-04-27 06:20:30,28.29
Suburban,2019-04-27 07:18:32,18.56
Suburban,2019-04-27 07:34:33,30.28
Suburban,2019-04-27 10:17:26,20.41
Suburban,2019-04-27 14:37:32,45.77
Suburban,2019-04-27 19:45:48,28.84
Suburban,2019-04-27 23:52:44,45.98
Suburban,2019-04-28 00:56:58,26.61
Suburban,2019-04-28 04:21:34,27.86
Suburban,2019-04-28 11:40:49,43.22
Suburban,2019-04-28 11:49:26,39.19
Suburban,2019-04-28 17:38:09,34.87
Suburban,2019-04-28 19:35:03,16.96
Suburban,2019-04-29 02:04:02,31.59
Suburban,2019-04-29 06:08:03,17.99
Suburban,2019-04-29 07:09:31,34.77
Suburban,2019-04-29 16:20:21,28.43
Suburban,2019-04-29 22:08:22,25.75
Suburban,2019-04-29 23:10:18,29.39
Suburban,2019-04-30 10:54:39,41.25
Suburban,2019-04-30 11:42:13,14.56
Suburban,2019-04-30 19:49:17,27.99
Suburban,2019-04-30 20:45:11,22.26
Suburban,2019-05-01 05:16:54,14.2
Suburban,2019-05-01 09:07:42,23.69
Suburban,2019-05-01 09:45:32,26.92
Suburban,2019-05-01 14:27:25,26.26
Suburban,2019-05-01 17:35:30,39.29
Suburban,2019-05-01 20:10:52,13.17
Suburban,2019-05-02 03:14:18,48.63
Suburban,2019-05-02 06:15:27,47.44
Suburban,2019-05-02 11:40:37,13.08
Suburban,2019-05-02 15:30:02,21.33
Suburban,2019-05-02 19:14:47,35.54
Suburban,2019-05-02 19:37:54,36.59
Suburban,2019-05-02 19:46:29,19.41
Suburban,2019-05-02 19:48:56,23.06
Suburban,2019-05-02 21:53:54,28.99
Suburban,2019-05-03 02:01:05,41.62
Suburban,2019-05-03 04:50:41,40.85
Suburban,2019-05-03 08:35:40,13.36
Suburban,2019-05-03 12:23:37,48.56
Suburban,2019-05-03 18:09:16,48.24
Suburban,2019-05-03 21:53:58,34.08
Suburban,2019-05-04 02:14:41,40.02
Suburban,2019-05-04 04:24:31,12.62
Suburban,2019-05-04 23:18:24,39.07
Suburban,2019-05-05 04:03:11,30.38
Suburban,2019-05-05 05:25:56,16.77
Suburban,2019-05-05 05:58:08,18.48
Suburban,2019-05-05 07:51:30,36.08
Suburban,2019-05-05 08:45:58,15.43
Suburban,2019-05-05 20:48:58,25.19
Suburban,2019-05-05 23:39:30,12.45
Suburban,2019-05-06 22:39:31,34.12
Suburban,2019-05-07 02:49:39,15.41
Suburban,2019-05-07 07:08:15,20.52
Suburban,2019-05-07 12:33:26,21.72
Suburban,2019-05-07 13:29:36,38.74
Suburban,2019-05-07 13:31:26,42.48
Suburban,2019-05-07 14:00:13,26.3
Suburban,2019-05-07 14:38:35,13.05
Suburban,2019-05-07 15:34:59,44.87
Suburban,2019-05-07 19:45:40,26.11
Suburban,2019-05-07 20:40:29,24.89
Urban,2019-01-01 00:08:16,37.91
Urban,2019-01-01 03:46:50,7.57
Urban,2019-01-01 05:23:21,10.75
Urban,2019-01-01 14:40:14,5.42
Urban,2019-01-01 14:42:25,12.31
Urban,2019-01-01 17:22:58,42.11
Urban,2019-01-01 21:04:01,11.71
Urban,2019-01-02 00:44:03,43.72
Urban,2019-01-02 00:56:53,37.34
Urban,2019-01-02 01:46:40,34.79
Urban,2019-01-02 06:55:36,16.96
Urban,2019-01-02 09:28:27,19.81
Urban,2019-01-02 09:57:04,33.06
Urban,2019-01-02 11:51:32,7.45
Urban,2019-01-02 14:14:50,13.89
Urban,2019-01-02 20:08:57,10.19
Urban,2019-01-02 20:52:31,33.08
Urban,2019-01-02 21:27:09,19.57
Urban,2019-01-02 23:23:19,36.13
Urban,2019-01-03 01:03:50,17.97
Urban,2019-01-03 01:06:17,5.32
Urban,2019-01-03 05:45:12,25.47
Urban,2019-01-03 05:56:07,37.4
Urban,2019-01-03 06:18:54,39.16
Urban,2019-01-03 06:49:15,34.42
Urban,2019-01-03 10:03:19,17.16
Urban,2019-01-03 15:37:24,17.61
Urban,2019-01-03 16:19:25,18.93
Urban,2019-01-03 21:45:19,36.28
Urban,2019-01-03 22:50:12,5.81
Urban,2019-01-03 23:11:22,4.95
Urban,2019-01-04 02:56:24,32.75
Urban,2019-01-04 03:16:36,9.1
Urban,2019-01-04 04:30:04,15.47
Urban,2019-01-04 06:10:40,35.35
Urban,2019-01-04 09:32:47,12.25
Urban,2019-01-04 13:30:18,4.56
Urban,2019-01-04 15:56:18,31.99
Urban,2019-01-04 16:38:59,37.2
Urban,2019-01-04 20:45:01,20.33
Urban,2019-01-04 21:06:42,34.77
Urban,2019-01-04 23:57:27,24.37
Urban,2019-01-05 00:44:39,21.59
Urban,2019-01-05 05:02:35,34.11
Urban,2019-01-05 05:57:54,39.9
Urban,2019-01-05 08:35:06,21.57
Urban,2019-01-05 09:33:59,39.47
Urban,2019-01-05 10:59:55,16.22
Urban,2019-01-05 11:31:02,13.14
Urban,2019-01-05 14:35:09,5.92
Urban,2019-01-05 15:36:46,37.91
Urban,2019-01-05 16:36:19,39.44
Urban,2019-01-05 16:39:33,26.72
Urban,2019-01-05 17:16:21,44.68
Urban,2019-01-05 17:44:41,28.79
Urban,2019-01-05 17:50:07,41.55
Urban,2019-01-05 18:22:02,35.35
Urban,2019-01-05 19:32:37,27.02
Urban,2019-01-05 22:21:59,33.51
Urban,2019-01-06 02:20:49,27.2
Urban,2019-01-06 08:34:21,43.05
Urban,2019-01-06 12:30:31,27.71
Urban,2019-01-06 13:23:28,11.01
Urban,2019-01-06 20:14:54,43.5
Urban,2019-01-06 20:15:24,21.19
Urban,2019-01-06 20:23:15,28.74
Urban,2019-01-07 02:17:05,6.54
Urban,2019-01-07 02:23:48,24.5
Urban,2019-01-07 05:12:12,15.22
Urban,2019-01-07 05:43:33,19.08
Urban,2019-01-07 09:41:54,17.39
Urban,2019-01-07 12:05:30,7.86
Urban,2019-01-07 15:53:43,20.01
Urban,2019-01-07 18:47:02,43.61
Urban,2019-01-07 19:02:38,16.26
Urban,2019-01-07 19:34:44,21.5
Urban,2019-01-07 20:03:19,20.49
Urban,2019-01-07 20:29:02,5.56
Urban,2019-01-08 00:29:35,29.4
Urban,2019-01-08 03:28:48,35.09
Urban,2019-01-08 05:21:41,25.84
Urban,2019-01-08 05:59:56,13.01
Urban,2019-01-08 08:25:29,37.78
Urban,2019-01-08 08:49:26,22.64
Urban,2019-01-08 09:03:12,32.99
Urban,2019-01-08 09:38:14,23.77
Urban,2019-01-08 11:48:08,39.81
Urban,2019-01-08 13:51:01,9.5
Urban,2019-01-08 17:33:26,43.75
Urban,2019-01-08 18:59:23,13.34
Urban,2019-01-08 23:32:07,10.74
Urban,2019-01-08 23:51:25,42.13
Urban,2019-01-09 01:48:18,10.68
Urban,2019-01-09 07:00:08,13.55
Urban,2019-01-09 08:20:24,41.04
Urban,2019-01-09 15:10:06,40.73
Urban,2019-01-09 15:24:41,44.46
Urban,2019-01-09 20:31:52,21.13
Urban,2019-01-09 20:59:13,44.44
Urban,2019-01-09 22:56:35,15.31
Urban,2019-01-10 02:31:33,32.34
Urban,2019-01-10 02:57:54,37.03
Urban,2019-01-10 03:37:02,23.62
Urban,2019-01-10 09:40:31,43.01
Urban,2019-01-10 12:17:31,12.74
Urban,2019-01-10 17:29:33,19.91
Urban,2019-01-10 23:48:39,37.58
Urban,2019-01-11 01:36:40,25.07
Urban,2019-01-11 02:22:07,29.24
Urban,2019-01-11 04:27:00,44.34
Urban,2019-01-11 05:08:48,19.64
Urban,2019-01-11 09:50:09,18.42
Urban,2019-01-11 10:41:55,8.02
Urban,2019-01-11 11:02:56,39.99
Urban,2019-01-11 11:10:10,5.16
Urban,2019-01-11 12:59:18,37.44
Urban,2019-01-11 14:18:07,23.21
Urban,2019-01-11 14:23:33,43.07
Urban,2019-01-11 17:15:17,36.78
Urban,2019-01-11 18:44:14,27.41
Urban,2019-01-11 19:18:14,31.31
Urban,2019-01-11 21:37:38,44.76
Urban,2019-01-12 01:19:37,10.64
Urban,2019-01-12 01:28:33,37.73
Urban,2019-01-12 01:45:27,26.86
Urban,2019-01-12 01:55:14,20.46
Urban,2019-01-12 04:35:48,24.83
Urban,2019-01-12 05:07:59,36.82
Urban,2019-01-12 05:52:15,42.31
Urban,2019-01-12 06:17:59,7.05
Urban,2019-01-12 07:32:21,39.45
Urban,2019-01-12 09:42:16,20.82
Urban,2019-01-12 12:45:18,5.77
Urban,2019-01-12 16:34:29,31.98
Urban,2019-01-12 19:19:33,9.97
Urban,2019-01-12 19:38:06,37.66
Urban,2019-01-12 20:07:34,17.85
Urban,2019-01-12 23:20:59,21.64
Urban,2019-01-13 00:03:43,9.37
Urban,2019-01-13 01:03:38,17.33
Urban,2019-01-13 10:08:54,25.81
Urban,2019-01-13 13:34:04,24.81
Urban,2019-01-13 16:04:10,23.35
Urban,2019-01-13 16:18:44,16.92
Urban,2019-01-13 18:33:58,29.9
Urban,2019-01-13 23:53:09,41.86
Urban,2019-01-14 01:15:16,24.82
Urban,2019-01-14 02:07:31,24.71
Urban,2019-01-14 03:43:39,31.88
Urban,2019-01-14 09:19:05,43.27
Urban,2019-01-14 10:14:22,13.83
Urban,2019-01-14 10:53:38,19.68
Urban,2019-01-14 11:00:56,19.81
Urban,2019-01-14 17:06:37,40.65
Urban,2019-01-14 18:07:37,9.71
Urban,2019-01-14 18:26:57,41.66
Urban,2019-01-14 20:49:49,40.21
Urban,2019-01-14 20:53:44,26.58
Urban,2019-01-14 22:04:23,24.14
Urban,2019-01-15 00:10:14,44.33
Urban,2019-01-15 02:30:19,21.95
Urban,2019-01-15 02:59:07,19.52
Urban,2019-01-15 05:51:27,5.58
Urban,2019-01-15 06:27:59,24.13
Urban,2019-01-15 07:42:59,30.93
Urban,2019-01-15 07:55:34,14.55
Urban,2019-01-15 08:14:17,33.91
Urban,2019-01-15 08:50:46,4.1
Urban,2019-01-15 11:44:20,40.69
Urban,2019-01-15 11:49:40,21.44
Urban,2019-01-15 14:51:33,13.38
Urban,2019-01-15 15:27:56,27.24
Urban,2019-01-15 18:25:13,11.71
Urban,2019-01-15 18:45:38,40.32
Urban,2019-01-15 21:21:00,13.43
Urban,2019-01-15 21:25:59,30.42
Urban,2019-01-16 02:06:12,4.89
Urban,2019-01-16 03:42:53,7.08
Urban,2019-01-16 03:43:06,14.93
Urban,2019-01-16 06:23:21,25.97
Urban,2019-01-16 08:38:21,31.34
Urban,2019-01-16 09:27:03,26.27
Urban,2019-01-16 11:59:09,20.07
Urban,2019-01-16 13:52:57,41.26
Urban,2019-01-16 16:17:05,7.04
Urban,2019-01-16 17:13:34,22.26
Urban,2019-01-16 21:55:41,6.02
Urban,2019-01-16 22:42:03,11.97
Urban,2019-01-17 02:00:57,34.55
Urban,2019-01-17 02:12:01,32.19
Urban,2019-01-17 03:43:17,5.78
Urban,2019-01-17 04:00:01,32.29
Urban,2019-01-17 04:56:17,12.71
Urban,2019-01-17 05:32:53,7.87
Urban,2019-01-17 09:28:43,24.19
Urban,2019-01-17 10:15:36,40.82
Urban,2019-01-17 11:37:05,8.68
Urban,2019-01-17 12:10:59,41.48
Urban,2019-01-17 12:18:08,11.6
Urban,2019-01-17 13:15:58,28.42
Urban,2019-01-17 14:08:06,27.92
Urban,2019-01-17 14:30:56,9.04
Urban,2019-01-17 16:17:18,33.29
Urban,2019-01-17 17:07:29,24.86
Urban,2019-01-17 17:45:28,23.46
Urban,2019-01-17 18:14:21,18.27
Urban,2019-01-17 21:35:17,24.84
Urban,2019-01-18 00:03:01,32.11
Urban,2019-01-18 02:32:38,31.92
Urban,2019-01-18 06:04:47,5.69
Urban,2019-01-18 07:41:16,23.35
Urban,2019-01-18 10:57:01,16.96
Urban,2019-01-18 10:59:29,4.66
Urban,2019-01-18 11:45:12,19.98
Urban,2019-01-18 12:47:59,43.85
Urban,2019-01-18 12:48:39,15.36
Urban,2019-01-18 15:26:16,20.68
Urban,2019-01-18 20:09:27,10.98
Urban,2019-01-19 00:36:52,40.4
Urban,2019-01-19 13:08:46,4.86
Urban,2019-01-19 19:40:33,6.71
Urban,2019-01-19 19:54:19,38.58
Urban,2019-01-19 23:06:27,15.83
Urban,2019-01-20 01:27:14,38.39
Urban,2019-01-20 01:34:06,38.66
Urban,2019-01-20 05:30:12,34.72
Urban,2019-01-20 12:13:04,6.66
Urban,2019-01-20 17:35:14,24.0
Urban,2019-01-20 18:47:43,18.79
Urban,2019-01-20 23:10:11,25.94
Urban,2019-01-21 01:50:28,42.75
Urban,2019-01-21 02:29:36,32.92
Urban,2019-01-21 03:20:06,28.59
Urban,2019-01-21 04:12:54,9.26
Urban,2019-01-21 04:20:36,21.81
Urban,2019-01-21 05:10:00,32.68
Urban,2019-01-21 09:48:28,22.36
Urban,2019-01-21 11:49:50,27.68
Urban,2019-01-21 12:12:56,37.25
Urban,2019-01-21 12:14:36,8.07
Urban,2019-01-21 12:52:23,14.09
Urban,2019-01-21 14:48:10,19.44
Urban,2019-01-21 16:07:14,36.89
Urban,2019-01-21 16:07:25,25.19
Urban,2019-01-21 16:26:37,22.86
Urban,2019-01-21 17:04:11,18.3
Urban,2019-01-21 17:21:50,27.11
Urban,2019-01-21 19:25:49,23.14
Urban,2019-01-21 20:51:12,33.47
Urban,2019-01-21 21:00:14,33.06
Urban,2019-01-21 23:20:53,10.91
Urban,2019-01-22 02:15:46,17.74
Urban,2019-01-22 02:28:03,32.18
Urban,2019-01-22 09:08:49,38.3
Urban,2019-01-22 13:10:36,24.17
Urban,2019-01-22 13:11:13,24.72
Urban,2019-01-22 17:25:25,31.68
Urban,2019-01-23 05:22:29,40.17
Urban,2019-01-23 05:56:24,22.54
Urban,2019-01-23 05:58:24,32.77
Urban,2019-01-23 09:08:20,35.51
Urban,2019-01-23 10:13:17,10.12
Urban,2019-01-23 12:32:46,23.24
Urban,2019-01-23 13:00:34,42.45
Urban,2019-01-23 13:23:53,37.68
Urban,2019-01-23 17:51:24,19.62
Urban,2019-01-23 18:16:39,21.64
Urban,2019-01-23 20:35:28,39.95
Urban,2019-01-23 21:22:39,6.54
Urban,2019-01-23 21:23:07,30.93
Urban,2019-01-23 21:43:16,21.11
Urban,2019-01-23 22:51:26,21.95
Urban,2019-01-23 23:30:37,37.62
Urban,2019-01-24 01:46:56,40.15
Urban,2019-01-24 05:58:33,9.21
Urban,2019-01-24 07:08:44,17.83
Urban,2019-01-24 07:48:14,9.39
Urban,2019-01-24 10:16:58,8.83
Urban,2019-01-24 12:24:22,34.65
Urban,2019-01-24 16:52:11,31.4
Urban,2019-01-24 17:07:21,42.36
Urban,2019-01-24 19:32:55,38.79
Urban,2019-01-25 00:47:33,41.17
Urban,2019-01-25 01:33:06,44.75
Urban,2019-01-25 01:59:40,26.03
Urban,2019-01-25 03:33:23,19.6
Urban,2019-01-25 05:04:01,38.15
Urban,2019-01-25 06:48:15,14.65
Urban,2019-01-25 08:14:54,31.02
Urban,2019-01-25 12:19:12,41.05
Urban,2019-01-25 12:29:55,20.03
Urban,2019-01-25 13:17:50,28.14
Urban,2019-01-25 15:19:45,15.04
Urban,2019-01-25 15:35:18,14.52
Urban,2019-01-25 20:18:54,23.27
Urban,2019-01-26 02:37:54,5.59
Urban,2019-01-26 14:42:49,11.13
Urban,2019-01-26 19:19:04,13.77
Urban,2019-01-26 21:29:46,14.68
Urban,2019-01-27 00:57:25,28.46
Urban,2019-01-27 01:01:17,24.56
Urban,2019-01-27 04:30:26,29.05
Urban,2019-01-27 05:35:02,5.21
Urban,2019-01-27 07:35:46,28.41
Urban,2019-01-27 08:09:59,29.36
Urban,2019-01-27 08:52:04,7.65
Urban,2019-01-27 09:35:35,9.24
Urban,2019-01-27 13:10:19,30.16
Urban,2019-01-27 13:40:02,38.97
Urban,2019-01-27 14:46:26,29.08
Urban,2019-01-27 14:49:59,23.09
Urban,2019-01-27 15:52:21,41.76
Urban,2019-01-27 19:38:12,15.45
Urban,2019-01-27 19:45:00,13.4
Urban,2019-01-28 00:07:00,5.67
Urban,2019-01-28 02:32:37,23.95
Urban,2019-01-28 03:13:21,31.65
Urban,2019-01-28 09:57:41,42.24
Urban,2019-01-28 10:23:03,21.72
Urban,2019-01-28 15:40:18,44.91
Urban,2019-01-28 15:49:50,25.98
Urban,2019-01-28 22:09:44,28.11
Urban,2019-01-28 22:22:55,5.58
Urban,2019-01-28 23:59:56,15.49
Urban,2019-01-29 00:19:07,41.05
Urban,2019-01-29 02:13:40,7.58
Urban,2019-01-29 06:40:02,26.79
Urban,2019-01-29 07:28:20,41.62
Urban,2019-01-29 08:17:02,38.68
Urban,2019-01-29 11:26:47,35.23
Urban,2019-01-29 13:01:07,9.81
Urban,2019-01-29 16:12:52,17.57
Urban,2019-01-29 20:13:33,43.12
Urban,2019-01-29 20:40:56,9.79
Urban,2019-01-29 21:11:43,25.39
Urban,2019-01-29 23:28:12,41.06
Urban,2019-01-30 01:19:21,38.78
Urban,2019-01-30 08:11:49,16.85
Urban,2019-01-30 08:51:20,22.9
Urban,2019-01-30 10:51:26,8.79
Urban,2019-01-30 11:32:45,43.02
Urban,2019-01-30 12:34:42,16.99
Urban,2019-01-30 12:35:37,8.57
Urban,2019-01-30 12:59:43,30.84
Urban,2019-01-30 15:21:53,7.02
Urban,2019-01-30 15:37:59,25.64
Urban,2019-01-30 17:41:45,36.78
Urban,2019-01-30 18:08:35,19.13
Urban,2019-01-30 18:20:22,16.5
Urban,2019-01-30 18:46:42,32.31
Urban,2019-01-30 21:18:50,8.87
Urban,2019-01-30 21:46:18,29.09
Urban,2019-01-30 22:09:42,6.32
Urban,2019-01-31 02:31:13,6.8
Urban,2019-01-31 02:49:31,19.23
Urban,2019-01-31 02:51:29,21.75
Urban,2019-01-31 05:16:40,39.23
Urban,2019-01-31 05:32:33,20.8
Urban,2019-01-31 09:17:15,14.11
Urban,2019-01-31 11:17:53,23.36
Urban,2019-01-31 13:24:51,38.28
Urban,2019-01-31 14:51:01,43.92
Urban,2019-01-31 15:03:08,20.36
Urban,2019-01-31 15:50:00,36.28
Urban,2019-01-31 17:10:41,9.67
Urban,2019-01-31 23:20:52,14.82
Urban,2019-01-31 23:29:52,13.69
Urban,2019-02-01 03:23:46,22.39
Urban,2019-02-01 05:51:10,13.86
Urban,2019-02-01 11:28:27,26.72
Urban,2019-02-01 11:37:56,30.94
Urban,2019-02-01 12:52:11,39.27
Urban,2019-02-01 14:11:33,9.68
Urban,2019-02-01 16:39:33,37.7
Urban,2019-02-01 19:45:09,31.64
Urban,2019-02-01 20:17:16,24.81
Urban,2019-02-01 20:17:32,8.09
Urban,2019-02-01 20:18:28,10.26
Urban,2019-02-01 21:16:13,31.07
Urban,2019-02-01 22:32:07,28.37
Urban,2019-02-01 22:43:37,32.03
Urban,2019-02-02 01:57:32,39.28
Urban,2019-02-02 02:52:44,29.07
Urban,2019-02-02 03:52:20,22.53
Urban,2019-02-02 11:56:33,12.77
Urban,2019-02-02 12:51:14,42.52
Urban,2019-02-02 14:14:37,41.47
Urban,2019-02-02 14:50:52,10.54
Urban,2019-02-02 16:37:18,17.19
Urban,2019-02-02 23:09:57,7.12
Urban,2019-02-03 00:14:26,29.04
Urban,2019-02-03 00:48:41,44.86
Urban,2019-02-03 01:11:12,21.2
Urban,2019-02-03 06:01:25,6.42
Urban,2019-02-03 06:15:55,11.61
Urban,2019-02-03 07:07:01,18.03
Urban,2019-02-03 09:58:39,39.39
Urban,2019-02-03 10:14:24,6.34
Urban,2019-02-03 12:19:32,31.43
Urban,2019-02-03 18:24:31,19.66
Urban,2019-02-03 21:09:45,4.41
Urban,2019-02-03 23:57:31,11.54
Urban,2019-02-04 00:29:52,24.87
Urban,2019-02-04 02:25:50,38.13
Urban,2019-02-04 04:57:28,27.63
Urban,2019-02-04 08:07:51,15.37
Urban,2019-02-04 08:12:17,42.59
Urban,2019-02-04 12:11:36,41.12
Urban,2019-02-04 15:04:43,20.09
Urban,2019-02-04 17:32:55,24.49
Urban,2019-02-04 18:56:51,9.84
Urban,2019-02-05 00:47:59,28.81
Urban,2019-02-05 04:51:46,14.13
Urban,2019-02-05 08:10:57,28.58
Urban,2019-02-05 10:34:09,20.1
Urban,2019-02-05 11:23:41,18.02
Urban,2019-02-05 11:47:56,24.54
Urban,2019-02-05 15:30:53,30.89
Urban,2019-02-05 16:02:12,25.58
Urban,2019-02-05 16:04:13,7.44
Urban,2019-02-05 16:12:04,42.22
Urban,2019-02-05 18:06:22,8.38
Urban,2019-02-05 18:53:14,36.37
Urban,2019-02-05 19:24:40,24.32
Urban,2019-02-05 21:02:08,31.94
Urban,2019-02-05 22:28:38,19.21
Urban,2019-02-06 00:10:22,32.93
Urban,2019-02-06 00:47:29,40.55
Urban,2019-02-06 03:34:57,34.86
Urban,2019-02-06 04:11:24,29.96
Urban,2019-02-06 07:07:55,24.47
Urban,2019-02-06 10:02:30,11.93
Urban,2019-02-06 10:58:28,40.29
Urban,2019-02-06 11:01:59,27.87
Urban,2019-02-06 12:17:53,7.71
Urban,2019-02-06 16:11:31,11.39
Urban,2019-02-06 17:29:41,25.58
Urban,2019-02-06 19:23:04,9.12
Urban,2019-02-06 19:59:52,30.31
Urban,2019-02-07 01:10:11,9.34
Urban,2019-02-07 01:24:59,10.91
Urban,2019-02-07 05:08:45,10.76
Urban,2019-02-07 06:07:37,36.7
Urban,2019-02-07 07:27:09,20.0
Urban,2019-02-07 08:44:06,7.69
Urban,2019-02-07 11:07:26,26.09
Urban,2019-02-07 16:19:04,38.67
Urban,2019-02-07 16:55:49,33.51
Urban,2019-02-07 18:36:22,6.34
Urban,2019-02-07 19:40:32,30.97
Urban,2019-02-07 21:45:45,4.31
Urban,2019-02-08 00:14:45,15.58
Urban,2019-02-08 05:26:40,22.74
Urban,2019-02-08 05:58:51,10.31
Urban,2019-02-08 06:11:38,25.3
Urban,2019-02-08 07:35:04,30.02
Urban,2019-02-08 10:29:22,7.63
Urban,2019-02-08 11:46:15,25.76
Urban,2019-02-08 13:28:19,10.63
Urban,2019-02-08 15:50:12,16.55
Urban,2019-02-08 16:30:53,30.38
Urban,2019-02-08 17:11:44,39.65
Urban,2019-02-08 17:29:38,34.95
Urban,2019-02-08 18:07:22,24.49
Urban,2019-02-08 18:08:18,38.21
Urban,2019-02-08 19:03:17,4.86
Urban,2019-02-08 19:05:19,36.23
Urban,2019-02-08 22:01:28,34.69
Urban,2019-02-08 23:04:07,14.22
Urban,2019-02-08 23:33:35,21.22
Urban,2019-02-08 23:57:16,5.7
Urban,2019-02-09 00:25:20,11.71
Urban,2019-02-09 02:17:35,7.11
Urban,2019-02-09 02:25:28,37.51
Urban,2019-02-09 05:16:40,26.1
Urban,2019-02-09 05:48:26,39.55
Urban,2019-02-09 05:54:52,16.1
Urban,2019-02-09 12:25:18,33.97
Urban,2019-02-09 13:28:12,6.43
Urban,2019-02-09 14:07:54,4.42
Urban,2019-02-09 16:46:59,7.89
Urban,2019-02-09 17:49:45,21.02
Urban,2019-02-09 19:09:28,10.62
Urban,2019-02-09 19:23:40,39.76
Urban,2019-02-09 20:42:42,12.17
Urban,2019-02-10 02:55:45,24.39
Urban,2019-02-10 06:34:23,25.36
Urban,2019-02-10 08:14:32,40.82
Urban,2019-02-10 09:16:50,38.54
Urban,2019-02-10 12:42:09,6.69
Urban,2019-02-10 13:50:42,11.24
Urban,2019-02-10 19:41:43,8.42
Urban,2019-02-10 20:19:09,31.38
Urban,2019-02-10 20:42:46,36.17
Urban,2019-02-10 23:22:03,23.44
Urban,2019-02-10 23:32:13,25.79
Urban,2019-02-11 00:24:18,43.19
Urban,2019-02-11 03:01:55,35.89
Urban,2019-02-11 03:46:39,30.41
Urban,2019-02-11 05:48:29,15.55
Urban,2019-02-11 08:12:09,28.03
Urban,2019-02-11 11:59:08,38.0
Urban,2019-02-11 18:51:20,43.26
Urban,2019-02-11 20:25:42,33.21
Urban,2019-02-11 21:07:22,4.75
Urban,2019-02-11 23:07:39,10.05
Urban,2019-02-12 01:18:02,44.33
Urban,2019-02-12 01:20:31,14.8
Urban,2019-02-12 03:42:21,5.78
Urban,2019-02-12 06:52:03,36.01
Urban,2019-02-12 07:41:25,27.7
Urban,2019-02-12 07:58:19,37.0
Urban,2019-02-12 14:24:45,11.7
Urban,2019-02-12 16:31:30,28.92
Urban,2019-02-12 16:32:49,30.22
Urban,2019-02-12 16:33:18,22.64
Urban,2019-02-12 18:45:21,6.76
Urban,2019-02-12 20:45:11,25.58
Urban,2019-02-12 22:04:01,23.69
Urban,2019-02-12 22:59:02,5.54
Urban,2019-02-13 03:55:55,24.16
Urban,2019-02-13 09:20:17,32.64
Urban,2019-02-13 10:29:16,7.43
Urban,2019-02-13 11:01:59,43.96
Urban,2019-02-13 11:40:59,16.79
Urban,2019-02-13 12:46:07,14.0
Urban,2019-02-13 16:46:38,44.33
Urban,2019-02-13 17:32:27,25.72
Urban,2019-02-13 20:07:49,33.72
Urban,2019-02-13 23:56:52,10.18
Urban,2019-02-14 02:51:53,27.16
Urban,2019-02-14 03:27:28,44.11
Urban,2019-02-14 04:42:16,18.38
Urban,2019-02-14 05:24:26,19.42
Urban,2019-02-14 05:55:36,42.5
Urban,2019-02-14 11:25:10,39.4
Urban,2019-02-14 11:29:33,4.11
Urban,2019-02-14 13:00:19,42.04
Urban,2019-02-14 14:00:56,39.53
Urban,2019-02-14 14:40:41,11.06
Urban,2019-02-14 18:21:43,43.93
Urban,2019-02-14 19:48:48,24.49
Urban,2019-02-14 22:52:40,30.0
Urban,2019-02-15 00:51:41,36.7
Urban,2019-02-15 02:10:41,42.61
Urban,2019-02-15 02:18:44,15.93
Urban,2019-02-15 04:21:47,12.28
Urban,2019-02-15 06:49:06,22.75
Urban,2019-02-15 08:01:29,44.12
Urban,2019-02-15 09:18:12,4.63
Urban,2019-02-15 14:32:55,17.35
Urban,2019-02-15 15:13:00,44.03
Urban,2019-02-15 17:00:16,25.84
Urban,2019-02-15 23:58:52,28.18
Urban,2019-02-16 01:49:45,17.58
Urban,2019-02-16 02:04:26,20.64
Urban,2019-02-16 02:15:20,12.15
Urban,2019-02-16 02:35:16,9.48
Urban,2019-02-16 04:31:29,24.31
Urban,2019-02-16 10:23:48,14.95
Urban,2019-02-16 12:22:02,30.23
Urban,2019-02-16 13:52:19,17.92
Urban,2019-02-16 15:06:13,37.75
Urban,2019-02-16 17:25:31,15.33
Urban,2019-02-16 21:02:16,34.42
Urban,2019-02-17 00:27:47,35.11
Urban,2019-02-17 02:06:40,39.7
Urban,2019-02-17 03:30:47,4.4
Urban,2019-02-17 05:01:00,22.66
Urban,2019-02-17 05:30:12,11.7
Urban,2019-02-17 05:51:36,21.74
Urban,2019-02-17 06:28:32,41.49
Urban,2019-02-17 07:39:53,17.03
Urban,2019-02-17 07:58:51,44.47
Urban,2019-02-17 08:20:55,37.44
Urban,2019-02-17 09:54:44,30.25
Urban,2019-02-17 09:55:15,18.08
Urban,2019-02-17 10:04:23,10.52
Urban,2019-02-17 13:21:47,32.44
Urban,2019-02-17 15:51:49,25.33
Urban,2019-02-17 19:23:20,37.19
Urban,2019-02-17 21:48:23,34.27
Urban,2019-02-18 02:03:31,8.32
Urban,2019-02-18 02:31:18,18.75
Urban,2019-02-18 03:09:59,31.49
Urban,2019-02-18 07:47:15,20.62
Urban,2019-02-18 08:17:35,38.09
Urban,2019-02-18 09:22:35,25.02
Urban,2019-02-18 11:51:18,44.97
Urban,2019-02-18 11:58:27,23.98
Urban,2019-02-18 14:47:10,20.16
Urban,2019-02-18 15:01:19,43.47
Urban,2019-02-18 18:49:51,39.06
Urban,2019-02-18 19:28:12,44.08
Urban,2019-02-18 21:09:27,39.97
Urban,2019-02-18 23:43:21,38.97
Urban,2019-02-19 00:53:54,40.64
Urban,2019-02-19 02:20:23,39.59
Urban,2019-02-19 02:25:34,26.83
Urban,2019-02-19 03:19:21,7.05
Urban,2019-02-19 04:01:49,36.27
Urban,2019-02-19 04:45:59,15.87
Urban,2019-02-19 08:25:58,13.02
Urban,2019-02-19 11:01:35,17.77
Urban,2019-02-19 13:19:38,33.07
Urban,2019-02-19 13:59:12,21.27
Urban,2019-02-19 14:09:20,27.11
Urban,2019-02-19 16:11:56,12.25
Urban,2019-02-19 16:22:09,36.39
Urban,2019-02-19 19:49:30,40.98
Urban,2019-02-19 20:47:52,28.62
Urban,2019-02-19 20:48:16,4.07
Urban,2019-02-19 20:56:59,17.41
Urban,2019-02-19 21:08:49,7.64
Urban,2019-02-19 22:53:02,27.9
Urban,2019-02-20 01:05:29,19.65
Urban,2019-02-20 04:27:04,27.1
Urban,2019-02-20 06:07:56,8.44
Urban,2019-02-20 09:30:53,28.13
Urban,2019-02-20 09:42:19,41.16
Urban,2019-02-20 10:47:47,17.07
Urban,2019-02-20 15:05:34,31.31
Urban,2019-02-20 15:23:03,26.9
Urban,2019-02-20 16:59:35,24.29
Urban,2019-02-20 18:45:32,28.24
Urban,2019-02-20 19:14:49,38.28
Urban,2019-02-20 19:32:45,13.34
Urban,2019-02-21 02:37:43,27.56
Urban,2019-02-21 06:55:34,22.65
Urban,2019-02-21 08:05:48,34.21
Urban,2019-02-21 08:28:35,40.55
Urban,2019-02-21 08:59:20,40.05
Urban,2019-02-21 10:56:41,4.9
Urban,2019-02-21 12:29:36,27.68
Urban,2019-02-21 13:09:31,7.49
Urban,2019-02-21 13:51:29,29.99
Urban,2019-02-21 15:09:30,23.48
Urban,2019-02-21 16:38:59,44.18
Urban,2019-02-21 17:53:52,7.06
Urban,2019-02-21 18:44:23,19.81
Urban,2019-02-21 18:53:29,36.21
Urban,2019-02-21 20:28:30,12.44
Urban,2019-02-21 20:37:56,24.13
Urban,2019-02-21 22:19:42,5.95
Urban,2019-02-22 01:56:17,25.33
Urban,2019-02-22 02:22:44,19.44
Urban,2019-02-22 03:55:59,6.39
Urban,2019-02-22 04:05:17,23.09
Urban,2019-02-22 04:25:41,20.56
Urban,2019-02-22 07:07:53,18.67
Urban,2019-02-22 07:44:56,22.52
Urban,2019-02-22 15:00:37,16.46
Urban,2019-02-22 18:15:39,7.13
Urban,2019-02-22 19:42:54,27.48
Urban,2019-02-22 22:11:39,17.35
Urban,2019-02-22 22:46:35,10.19
Urban,2019-02-22 23:54:55,7.64
Urban,2019-02-23 00:15:55,15.48
Urban,2019-02-23 00:41:22,15.94
Urban,2019-02-23 01:19:01,7.08
Urban,2019-02-23 01:34:05,31.97
Urban,2019-02-23 06:10:30,26.63
Urban,2019-02-23 08:31:48,15.61
Urban,2019-02-23 11:13:25,4.24
Urban,2019-02-23 11:46:09,19.99
Urban,2019-02-23 13:48:18,18.15
Urban,2019-02-23 13:51:10,9.25
Urban,2019-02-23 14:58:29,41.98
Urban,2019-02-23 17:42:40,4.68
Urban,2019-02-23 19:13:13,14.04
Urban,2019-02-23 19:46:33,33.24
Urban,2019-02-24 02:56:43,40.33
Urban,2019-02-24 04:29:00,33.44
Urban,2019-02-24 04:41:39,40.8
Urban,2019-02-24 05:39:00,27.64
Urban,2019-02-24 06:14:16,39.2
Urban,2019-02-24 07:57:03,39.12
Urban,2019-02-24 08:40:38,13.93
Urban,2019-02-24 10:26:34,7.8
Urban,2019-02-24 12:05:12,9.63
Urban,2019-02-24 15:39:01,8.33
Urban,2019-02-24 19:34:24,34.82
Urban,2019-02-24 22:01:38,8.48
Urban,2019-02-24 22:20:33,35.63
Urban,2019-02-24 23:10:49,43.66
Urban,2019-02-25 02:33:57,10.21
Urban,2019-02-25 04:32:14,13.58
Urban,2019-02-25 08:26:25,32.37
Urban,2019-02-25 11:11:25,15.94
Urban,2019-02-25 12:18:38,14.51
Urban,2019-02-25 18:39:11,15.06
Urban,2019-02-25 23:06:10,25.87
Urban,2019-02-26 05:03:19,25.18
Urban,2019-02-26 05:24:14,19.05
Urban,2019-02-26 06:48:57,7.81
Urban,2019-02-26 09:36:01,18.76
Urban,2019-02-26 10:01:46,28.52
Urban,2019-02-26 11:57:44,13.88
Urban,2019-02-26 13:01:09,38.05
Urban,2019-02-26 18:42:15,8.85
Urban,2019-02-26 20:40:36,35.61
Urban,2019-02-27 00:40:41,25.4
Urban,2019-02-27 00:58:18,13.38
Urban,2019-02-27 01:34:44,35.31
Urban,2019-02-27 02:00:20,10.4
Urban,2019-02-27 02:44:15,11.33
Urban,2019-02-27 03:58:02,27.4
Urban,2019-02-27 04:29:37,22.81
Urban,2019-02-27 06:43:58,32.73
Urban,2019-02-27 07:09:55,9.43
Urban,2019-02-27 08:19:34,33.34
Urban,2019-02-27 11:17:56,43.25
Urban,2019-02-27 11:19:43,35.19
Urban,2019-02-27 11:42:19,36.87
Urban,2019-02-27 18:08:19,43.31
Urban,2019-02-27 20:51:17,8.37
Urban,2019-02-28 01:14:01,36.87
Urban,2019-02-28 03:20:15,44.85
Urban,2019-02-28 04:13:57,25.96
Urban,2019-02-28 05:23:49,21.78
Urban,2019-02-28 05:42:04,12.02
Urban,2019-02-28 07:39:56,33.83
Urban,2019-02-28 12:03:41,31.82
Urban,2019-02-28 13:10:56,9.08
Urban,2019-02-28 14:54:06,42.2
Urban,2019-02-28 15:08:06,44.96
Urban,2019-02-28 15:20:17,30.3
Urban,2019-02-28 16:10:35,11.26
Urban,2019-02-28 16:46:23,33.72
Urban,2019-02-28 18:19:01,11.1
Urban,2019-02-28 20:01:26,38.42
Urban,2019-02-28 20:02:59,31.01
Urban,2019-02-28 21:39:35,14.4
Urban,2019-02-28 22:50:15,13.39
Urban,2019-03-01 04:34:54,20.8
Urban,2019-03-01 08:58:12,43.25
Urban,2019-03-01 11:06:21,28.25
Urban,2019-03-01 11:13:34,30.3
Urban,2019-03-01 15:07:16,23.45
Urban,2019-03-01 18:48:35,34.71
Urban,2019-03-01 21:33:11,11.97
Urban,2019-03-01 22:01:02,24.55
Urban,2019-03-02 00:54:29,25.14
Urban,2019-03-02 04:56:41,5.19
Urban,2019-03-02 06:06:17,10.35
Urban,2019-03-02 07:23:45,30.62
Urban,2019-03-02 09:13:23,23.55
Urban,2019-03-02 09:54:50,33.12
Urban,2019-03-02 10:47:16,10.89
Urban,2019-03-02 11:43:55,34.65
Urban,2019-03-02 14:44:47,39.77
Urban,2019-03-02 15:40:25,28.04
Urban,2019-03-02 18:03:20,44.26
Urban,2019-03-02 18:56:47,6.08
Urban,2019-03-02 20:29:14,25.28
Urban,2019-03-02 22:23:09,25.15
Urban,2019-03-03 00:24:33,20.71
Urban,2019-03-03 01:24:39,43.44
Urban,2019-03-03 02:13:37,28.02
Urban,2019-03-03 03:17:20,25.17
Urban,2019-03-03 05:13:18,26.6
Urban,2019-03-03 05:28:06,41.39
Urban,2019-03-03 07:40:26,22.44
Urban,2019-03-03 08:45:54,7.63
Urban,2019-03-03 09:00:03,29.88
Urban,2019-03-03 11:28:17,36.31
Urban,2019-03-03 11:38:05,13.41
Urban,2019-03-03 11:57:24,11.42
Urban,2019-03-03 14:48:30,37.3
Urban,2019-03-03 16:07:24,27.48
Urban,2019-03-03 16:13:34,41.62
Urban,2019-03-03 17:50:23,28.08
Urban,2019-03-03 18:15:32,19.19
Urban,2019-03-04 00:41:43,23.7
Urban,2019-03-04 03:26:39,40.35
Urban,2019-03-04 10:14:37,38.49
Urban,2019-03-04 10:30:32,36.76
Urban,2019-03-04 11:08:21,23.33
Urban,2019-03-04 12:20:13,5.04
Urban,2019-03-04 12:31:45,43.98
Urban,2019-03-04 12:38:49,28.18
Urban,2019-03-04 14:14:36,22.91
Urban,2019-03-04 15:13:08,28.69
Urban,2019-03-04 16:59:24,42.58
Urban,2019-03-04 17:20:57,21.38
Urban,2019-03-04 17:50:37,20.72
Urban,2019-03-04 18:00:23,41.65
Urban,2019-03-04 18:24:09,30.24
Urban,2019-03-04 20:36:38,25.21
Urban,2019-03-04 22:13:57,14.83
Urban,2019-03-04 22:29:22,6.19
Urban,2019-03-04 22:51:36,34.93
Urban,2019-03-05 00:42:17,36.35
Urban,2019-03-05 01:38:53,44.1
Urban,2019-03-05 02:15:38,26.28
Urban,2019-03-05 02:33:54,25.02
Urban,2019-03-05 03:27:34,12.91
Urban,2019-03-05 05:39:23,4.33
Urban,2019-03-05 09:44:44,42.79
Urban,2019-03-05 12:05:14,11.16
Urban,2019-03-05 12:12:21,5.43
Urban,2019-03-05 15:43:38,23.75
Urban,2019-03-05 16:00:59,4.85
Urban,2019-03-05 23:23:36,44.77
Urban,2019-03-06 00:02:29,31.33
Urban,2019-03-06 02:27:01,10.02
Urban,2019-03-06 03:56:20,30.87
Urban,2019-03-06 04:19:59,32.37
Urban,2019-03-06 04:28:35,34.58
Urban,2019-03-06 04:42:31,37.4
Urban,2019-03-06 04:48:37,38.88
Urban,2019-03-06 06:10:01,22.86
Urban,2019-03-06 07:44:32,23.53
Urban,2019-03-06 09:51:08,6.73
Urban,2019-03-06 12:53:05,8.28
Urban,2019-03-06 17:06:51,41.29
Urban,2019-03-06 19:26:01,26.34
Urban,2019-03-06 20:26:06,14.87
Urban,2019-03-06 22:56:31,12.38
Urban,2019-03-06 23:01:03,44.41
Urban,2019-03-07 01:51:26,14.55
Urban,2019-03-07 02:26:33,18.76
Urban,2019-03-07 05:24:37,15.82
Urban,2019-03-07 06:32:50,4.28
Urban,2019-03-07 07:21:47,31.08
Urban,2019-03-07 10:38:26,14.8
Urban,2019-03-07 12:09:53,27.26
Urban,2019-03-07 12:26:18,23.55
Urban,2019-03-07 12:38:40,41.96
Urban,2019-03-07 15:47:07,23.66
Urban,2019-03-07 15:57:52,12.22
Urban,2019-03-07 18:37:30,42.04
Urban,2019-03-07 20:09:48,32.27
Urban,2019-03-07 20:34:09,34.22
Urban,2019-03-07 20:59:06,17.66
Urban,2019-03-07 23:37:32,7.78
Urban,2019-03-08 01:08:42,41.06
Urban,2019-03-08 03:46:09,17.81
Urban,2019-03-08 04:18:36,27.42
Urban,2019-03-08 07:06:54,6.08
Urban,2019-03-08 07:57:06,43.59
Urban,2019-03-08 08:55:38,17.17
Urban,2019-03-08 09:24:04,29.15
Urban,2019-03-08 09:53:56,37.81
Urban,2019-03-08 10:33:27,41.3
Urban,2019-03-08 13:24:07,4.92
Urban,2019-03-08 13:35:49,34.32
Urban,2019-03-08 15:08:09,18.35
Urban,2019-03-08 16:32:28,23.06
Urban,2019-03-08 20:06:21,25.21
Urban,2019-03-08 21:57:37,9.54
Urban,2019-03-09 03:25:16,39.32
Urban,2019-03-09 03:50:21,40.86
Urban,2019-03-09 04:39:40,14.41
Urban,2019-03-09 06:26:29,42.81
Urban,2019-03-09 14:47:25,35.68
Urban,2019-03-09 16:59:41,6.5
Urban,2019-03-09 23:45:55,19.89
Urban,2019-03-10 01:02:12,10.63
Urban,2019-03-10 01:07:52,28.0
Urban,2019-03-10 05:15:34,22.43
Urban,2019-03-10 05:23:50,29.13
Urban,2019-03-10 07:36:14,22.65
Urban,2019-03-10 08:15:49,27.91
Urban,2019-03-10 09:19:12,37.89
Urban,2019-03-10 10:45:24,4.43
Urban,2019-03-10 11:23:00,27.1
Urban,2019-03-10 13:31:40,22.72
Urban,2019-03-10 13:55:17,10.83
Urban,2019-03-10 19:24:17,43.18
Urban,2019-03-10 20:00:35,6.74
Urban,2019-03-10 20:10:03,4.1
Urban,2019-03-10 22:42:09,7.98
Urban,2019-03-11 02:19:28,27.39
Urban,2019-03-11 08:09:20,34.53
Urban,2019-03-11 12:23:09,41.37
Urban,2019-03-11 12:26:48,9.52
Urban,2019-03-11 16:10:27,43.45
Urban,2019-03-11 16:18:17,44.29
Urban,2019-03-11 17:26:12,36.15
Urban,2019-03-11 20:07:13,7.01
Urban,2019-03-11 21:03:21,37.93
Urban,2019-03-11 21:35:00,16.78
Urban,2019-03-12 01:39:41,18.67
Urban,2019-03-12 02:44:01,22.97
Urban,2019-03-12 04:54:10,37.05
Urban,2019-03-12 06:47:43,8.35
Urban,2019-03-12 06:59:59,16.98
Urban,2019-03-12 09:06:15,25.1
Urban,2019-03-12 09:22:48,35.57
Urban,2019-03-12 10:02:28,21.18
Urban,2019-03-12 11:08:28,13.79
Urban,2019-03-12 13:53:39,38.26
Urban,2019-03-12 14:47:55,28.12
Urban,2019-03-12 16:33:25,24.41
Urban,2019-03-12 21:01:11,5.76
Urban,2019-03-12 21:52:41,21.17
Urban,2019-03-13 01:15:48,16.01
Urban,2019-03-13 01:47:52,32.05
Urban,2019-03-13 04:21:16,10.44
Urban,2019-03-13 06:10:43,27.79
Urban,2019-03-13 08:03:10,5.03
Urban,2019-03-13 09:17:41,36.79
Urban,2019-03-13 09:48:42,14.84
Urban,2019-03-13 12:52:31,13.88
Urban,2019-03-14 09:28:52,9.22
Urban,2019-03-14 10:37:58,30.49
Urban,2019-03-14 10:46:12,36.32
Urban,2019-03-14 14:43:06,10.29
Urban,2019-03-14 15:24:44,35.27
Urban,2019-03-14 15:25:30,18.28
Urban,2019-03-14 16:12:38,36.84
Urban,2019-03-14 16:29:50,35.65
Urban,2019-03-14 16:47:25,27.9
Urban,2019-03-14 17:07:27,16.31
Urban,2019-03-14 17:18:02,18.66
Urban,2019-03-14 21:25:25,20.26
Urban,2019-03-14 23:46:50,24.4
Urban,2019-03-15 04:48:54,4.6
Urban,2019-03-15 08:24:03,22.28
Urban,2019-03-15 08:40:23,43.5
Urban,2019-03-15 09:03:59,5.62
Urban,2019-03-15 10:18:45,30.83
Urban,2019-03-15 10:22:43,34.09
Urban,2019-03-15 15:08:17,25.97
Urban,2019-03-15 15:11:23,31.89
Urban,2019-03-15 21:16:53,30.27
Urban,2019-03-15 22:44:08,28.3
Urban,2019-03-16 01:38:48,17.19
Urban,2019-03-16 02:20:06,4.87
Urban,2019-03-16 06:31:29,34.2
Urban,2019-03-16 07:06:47,10.04
Urban,2019-03-16 10:03:25,30.66
Urban,2019-03-16 10:22:13,25.06
Urban,2019-03-16 11:46:25,23.99
Urban,2019-03-16 16:27:00,42.89
Urban,2019-03-16 19:46:26,19.61
Urban,2019-03-16 20:49:51,43.82
Urban,2019-03-16 20:54:05,30.24
Urban,2019-03-16 23:00:51,21.39
Urban,2019-03-16 23:59:11,5.23
Urban,2019-03-17 00:30:34,35.42
Urban,2019-03-17 00:31:07,36.31
Urban,2019-03-17 01:22:44,23.26
Urban,2019-03-17 04:22:57,15.95
Urban,2019-03-17 04:51:53,17.38
Urban,2019-03-17 06:50:12,29.95
Urban,2019-03-17 09:42:27,23.45
Urban,2019-03-17 14:42:43,33.11
Urban,2019-03-17 14:48:42,26.71
Urban,2019-03-17 15:43:09,30.31
Urban,2019-03-17 16:51:14,39.58
Urban,2019-03-17 17:07:58,6.12
Urban,2019-03-17 19:21:42,19.05
Urban,2019-03-17 19:23:29,10.18
Urban,2019-03-17 22:39:55,15.35
Urban,2019-03-17 22:50:46,14.61
Urban,2019-03-17 23:54:01,8.62
Urban,2019-03-18 04:11:03,17.57
Urban,2019-03-18 04:53:20,4.29
Urban,2019-03-18 07:07:37,36.04
Urban,2019-03-18 09:24:46,7.45
Urban,2019-03-18 10:10:37,6.41
Urban,2019-03-18 12:08:51,34.05
Urban,2019-03-18 12:47:22,8.58
Urban,2019-03-18 12:48:08,36.96
Urban,2019-03-18 15:28:03,23.62
Urban,2019-03-18 15:57:00,13.06
Urban,2019-03-18 17:14:06,12.64
Urban,2019-03-18 22:54:11,25.05
Urban,2019-03-19 01:52:17,42.74
Urban,2019-03-19 03:15:53,5.65
Urban,2019-03-19 05:46:20,40.86
Urban,2019-03-19 07:17:50,15.78
Urban,2019-03-19 07:54:20,30.03
Urban,2019-03-19 12:17:33,26.6
Urban,2019-03-19 12:32:49,17.21
Urban,2019-03-19 14:30:39,33.14
Urban,2019-03-19 14:50:21,23.07
Urban,2019-03-19 15:21:28,22.63
Urban,2019-03-19 15:25:24,27.37
Urban,2019-03-19 15:31:26,5.3
Urban,2019-03-19 16:19:22,31.72
Urban,2019-03-19 16:58:45,29.88
Urban,2019-03-19 17:31:55,15.05
Urban,2019-03-19 20:41:46,18.17
Urban,2019-03-19 22:03:13,40.29
Urban,2019-03-19 23:42:30,40.2
Urban,2019-03-20 00:45:53,40.55
Urban,2019-03-20 01:28:13,15.37
Urban,2019-03-20 02:20:34,38.53
Urban,2019-03-20 03:04:47,42.83
Urban,2019-03-20 05:37:35,33.9
Urban,2019-03-20 05:48:09,36.7
Urban,2019-03-20 07:40:33,27.45
Urban,2019-03-20 10:34:54,33.24
Urban,2019-03-20 10:40:26,42.57
Urban,2019-03-20 19:11:26,20.21
Urban,2019-03-20 23:44:20,23.83
Urban,2019-03-21 00:14:02,43.87
Urban,2019-03-21 00:18:34,37.95
Urban,2019-03-21 00:26:48,9.06
Urban,2019-03-21 01:28:48,15.64
Urban,2019-03-21 02:20:43,32.8
Urban,2019-03-21 02:57:41,21.41
Urban,2019-03-21 05:48:07,8.2
Urban,2019-03-21 07:56:22,39.26
Urban,2019-03-21 08:44:32,32.42
Urban,2019-03-21 09:28:30,18.24
Urban,2019-03-21 09:45:04,10.42
Urban,2019-03-21 13:31:31,27.96
Urban,2019-03-21 15:40:04,44.64
Urban,2019-03-21 15:44:51,6.13
Urban,2019-03-21 17:25:09,11.97
Urban,2019-03-21 18:31:39,39.02
Urban,2019-03-21 19:46:43,14.12
Urban,2019-03-21 22:54:03,9.42
Urban,2019-03-21 23:26:36,26.69
Urban,2019-03-22 04:06:56,33.1
Urban,2019-03-22 04:17:20,15.54
Urban,2019-03-22 04:19:27,34.69
Urban,2019-03-22 04:41:04,16.35
Urban,2019-03-22 05:26:10,6.58
Urban,2019-03-22 08:56:23,22.05
Urban,2019-03-22 11:19:58,32.85
Urban,2019-03-22 14:33:32,18.72
Urban,2019-03-22 20:35:56,39.96
Urban,2019-03-22 22:02:56,23.31
Urban,2019-03-22 22:31:26,15.85
Urban,2019-03-23 01:43:42,33.12
Urban,2019-03-23 06:28:19,30.58
Urban,2019-03-23 08:27:26,37.89
Urban,2019-03-23 10:48:34,4.64
Urban,2019-03-23 12:21:09,13.7
Urban,2019-03-23 16:36:51,40.07
Urban,2019-03-23 16:45:56,14.72
Urban,2019-03-23 20:59:03,23.76
Urban,2019-03-24 00:26:39,30.55
Urban,2019-03-24 02:56:21,39.6
Urban,2019-03-24 06:34:31,12.24
Urban,2019-03-24 06:49:11,4.05
Urban,2019-03-24 07:40:47,32.72
Urban,2019-03-24 09:50:04,4.07
Urban,2019-03-24 10:24:58,10.05
Urban,2019-03-24 12:04:05,8.77
Urban,2019-03-24 12:17:30,31.47
Urban,2019-03-24 13:39:38,32.17
Urban,2019-03-24 13:53:34,32.21
Urban,2019-03-24 15:21:54,34.9
Urban,2019-03-24 16:27:49,14.94
Urban,2019-03-24 16:37:10,25.65
Urban,2019-03-24 19:06:17,31.41
Urban,2019-03-24 21:58:25,28.84
Urban,2019-03-24 23:37:10,41.44
Urban,2019-03-25 02:17:17,41.61
Urban,2019-03-25 08:38:47,7.04
Urban,2019-03-25 12:14:58,9.64
Urban,2019-03-25 13:20:36,34.94
Urban,2019-03-25 14:33:27,34.06
Urban,2019-03-25 15:50:31,23.48
Urban,2019-03-25 16:07:22,42.93
Urban,2019-03-25 17:11:15,7.19
Urban,2019-03-25 18:17:04,7.09
Urban,2019-03-25 18:55:34,35.29
Urban,2019-03-25 20:35:29,23.38
Urban,2019-03-25 20:45:53,22.53
Urban,2019-03-25 21:25:47,26.4
Urban,2019-03-25 21:46:20,36.92
Urban,2019-03-26 00:49:34,9.79
Urban,2019-03-26 04:27:13,13.97
Urban,2019-03-26 06:12:20,35.5
Urban,2019-03-26 07:22:45,7.63
Urban,2019-03-26 09:45:05,22.33
Urban,2019-03-26 10:39:21,26.91
Urban,2019-03-26 19:09:42,28.83
Urban,2019-03-26 20:22:28,41.15
Urban,2019-03-26 22:47:28,13.34
Urban,2019-03-27 00:10:12,18.89
Urban,2019-03-27 00:20:58,18.43
Urban,2019-03-27 00:31:25,16.05
Urban,2019-03-27 00:44:29,25.29
Urban,2019-03-27 01:08:09,21.46
Urban,2019-03-27 02:11:44,38.69
Urban,2019-03-27 02:18:33,7.29
Urban,2019-03-27 06:49:10,8.57
Urban,2019-03-27 07:24:26,11.51
Urban,2019-03-27 08:26:32,38.99
Urban,2019-03-27 08:27:45,26.25
Urban,2019-03-27 09:44:50,33.4
Urban,2019-03-27 11:50:50,22.64
Urban,2019-03-27 11:56:08,15.64
Urban,2019-03-27 12:12:35,44.27
Urban,2019-03-27 12:48:21,13.29
Urban,2019-03-27 13:11:14,36.52
Urban,2019-03-27 13:32:59,4.72
Urban,2019-03-27 19:19:33,30.66
Urban,2019-03-27 22:14:21,4.63
Urban,2019-03-27 23:57:27,21.55
Urban,2019-03-28 03:35:48,14.94
Urban,2019-03-28 07:41:45,7.56
Urban,2019-03-28 09:56:51,28.53
Urban,2019-03-28 12:48:55,10.91
Urban,2019-03-28 13:29:17,22.28
Urban,2019-03-28 15:00:52,35.88
Urban,2019-03-28 18:03:53,42.75
Urban,2019-03-28 19:33:00,7.75
Urban,2019-03-28 22:28:44,9.19
Urban,2019-03-29 01:02:09,29.55
Urban,2019-03-29 03:22:44,14.54
Urban,2019-03-29 04:07:48,5.32
Urban,2019-03-29 04:22:45,17.53
Urban,2019-03-29 04:59:54,40.29
Urban,2019-03-29 08:33:15,11.06
Urban,2019-03-29 13:33:11,35.36
Urban,2019-03-29 15:16:01,37.76
Urban,2019-03-29 17:35:50,31.43
Urban,2019-03-29 19:12:44,43.79
Urban,2019-03-29 20:35:12,42.51
Urban,2019-03-29 21:43:04,35.58
Urban,2019-03-29 22:54:21,5.93
Urban,2019-03-30 01:27:04,25.19
Urban,2019-03-30 01:56:29,20.21
Urban,2019-03-30 02:27:21,11.15
Urban,2019-03-30 03:13:00,4.66
Urban,2019-03-30 06:31:58,12.04
Urban,2019-03-30 10:46:05,22.41
Urban,2019-03-30 11:38:39,24.64
Urban,2019-03-30 13:15:56,31.3
Urban,2019-03-30 15:12:10,16.2
Urban,2019-03-30 17:59:22,15.17
Urban,2019-03-30 20:21:59,4.2
Urban,2019-03-30 20:43:11,19.48
Urban,2019-03-30 21:22:58,40.8
Urban,2019-03-31 02:08:34,4.65
Urban,2019-03-31 03:35:12,21.24
Urban,2019-03-31 11:49:06,24.16
Urban,2019-03-31 13:58:15,29.41
Urban,2019-03-31 14:58:15,7.67
Urban,2019-03-31 15:22:26,30.77
Urban,2019-03-31 17:01:37,36.29
Urban,2019-04-01 00:11:48,22.65
Urban,2019-04-01 00:20:26,31.72
Urban,2019-04-01 00:35:10,27.84
Urban,2019-04-01 01:06:03,8.23
Urban,2019-04-01 04:02:50,25.65
Urban,2019-04-01 04:31:44,35.11
Urban,2019-04-01 04:31:58,28.04
Urban,2019-04-01 06:26:40,9.94
Urban,2019-04-01 09:24:21,24.29
Urban,2019-04-01 09:27:03,28.54
Urban,2019-04-01 12:09:20,10.76
Urban,2019-04-01 14:43:46,40.45
Urban,2019-04-01 14:50:13,28.84
Urban,2019-04-01 17:37:03,16.83
Urban,2019-04-01 23:46:28,40.87
Urban,2019-04-02 04:52:55,10.52
Urban,2019-04-02 07:05:54,9.67
Urban,2019-04-02 15:48:32,13.55
Urban,2019-04-02 16:53:26,25.56
Urban,2019-04-02 16:53:49,41.14
Urban,2019-04-02 17:39:37,22.76
Urban,2019-04-02 19:22:47,41.93
Urban,2019-04-02 21:10:19,43.2
Urban,2019-04-02 22:13:52,25.84
Urban,2019-04-03 01:20:38,15.14
Urban,2019-04-03 01:47:34,31.6
Urban,2019-04-03 02:42:50,10.56
Urban,2019-04-03 03:16:18,24.76
Urban,2019-04-03 03:29:52,14.06
Urban,2019-04-03 03:36:16,43.07
Urban,2019-04-03 07:02:33,29.88
Urban,2019-04-03 07:51:03,32.7
Urban,2019-04-03 08:47:52,4.74
Urban,2019-04-03 09:30:45,5.16
Urban,2019-04-03 11:34:45,18.62
Urban,2019-04-03 12:01:59,33.03
Urban,2019-04-03 13:15:16,19.66
Urban,2019-04-03 13:27:12,5.09
Urban,2019-04-03 14:44:18,23.52
Urban,2019-04-03 15:07:34,40.77
Urban,2019-04-03 15:25:40,44.15
Urban,2019-04-03 16:27:42,14.73
Urban,2019-04-03 20:23:26,33.74
Urban,2019-04-04 01:11:37,24.47
Urban,2019-04-04 02:35:55,23.18
Urban,2019-04-04 06:42:02,25.38
Urban,2019-04-04 06:46:57,41.45
Urban,2019-04-04 06:55:13,31.52
Urban,2019-04-04 08:04:07,25.93
Urban,2019-04-04 11:46:40,39.39
Urban,2019-04-04 13:03:16,28.52
Urban,2019-04-04 13:22:44,12.91
Urban,2019-04-04 14:32:35,42.27
Urban,2019-04-04 15:04:56,16.35
Urban,2019-04-04 23:19:59,19.38
Urban,2019-04-05 02:03:50,38.17
Urban,2019-04-05 02:05:55,31.89
Urban,2019-04-05 03:18:56,44.58
Urban,2019-04-05 07:12:55,22.87
Urban,2019-04-05 07:22:06,14.21
Urban,2019-04-05 10:22:33,25.55
Urban,2019-04-05 14:01:28,31.09
Urban,2019-04-05 15:44:01,36.08
Urban,2019-04-05 18:23:53,29.69
Urban,2019-04-05 20:10:13,32.18
Urban,2019-04-06 02:16:42,18.15
Urban,2019-04-06 02:25:24,14.3
Urban,2019-04-06 08:54:09,25.06
Urban,2019-04-06 09:03:01,26.64
Urban,2019-04-06 11:30:32,16.84
Urban,2019-04-06 13:42:16,24.18
Urban,2019-04-06 13:48:54,23.87
Urban,2019-04-06 13:52:23,30.36
Urban,2019-04-06 13:59:18,25.31
Urban,2019-04-06 16:17:11,35.79
Urban,2019-04-06 16:21:56,38.8
Urban,2019-04-06 16:41:00,9.3
Urban,2019-04-06 20:51:23,21.02
Urban,2019-04-06 21:38:50,18.08
Urban,2019-04-06 21:40:42,23.41
Urban,2019-04-06 22:33:03,27.46
Urban,2019-04-07 00:32:37,18.92
Urban,2019-04-07 02:32:23,19.19
Urban,2019-04-07 06:17:04,40.69
Urban,2019-04-07 06:50:30,11.92
Urban,2019-04-07 08:54:49,32.99
Urban,2019-04-07 16:28:35,16.11
Urban,2019-04-07 16:53:02,13.4
Urban,2019-04-07 17:41:37,33.9
Urban,2019-04-07 18:09:21,24.28
Urban,2019-04-07 20:51:11,31.25
Urban,2019-04-07 23:44:31,39.51
Urban,2019-04-08 01:01:44,5.62
Urban,2019-04-08 06:21:07,20.83
Urban,2019-04-08 11:19:22,44.03
Urban,2019-04-08 12:38:45,14.52
Urban,2019-04-08 20:26:29,25.79
Urban,2019-04-08 21:34:32,13.31
Urban,2019-04-09 00:32:07,29.96
Urban,2019-04-09 00:32:12,22.89
Urban,2019-04-09 08:10:39,39.36
Urban,2019-04-09 08:47:39,4.95
Urban,2019-04-09 09:17:22,20.31
Urban,2019-04-09 14:34:27,11.9
Urban,2019-04-09 14:55:36,20.23
Urban,2019-04-09 16:57:04,10.03
Urban,2019-04-09 17:12:34,6.68
Urban,2019-04-09 20:23:11,35.11
Urban,2019-04-09 20:55:32,24.99
Urban,2019-04-09 21:41:30,15.96
Urban,2019-04-10 01:16:25,37.67
Urban,2019-04-10 01:23:02,29.97
Urban,2019-04-10 04:16:04,42.92
Urban,2019-04-10 04:59:53,35.97
Urban,2019-04-10 05:38:29,30.36
Urban,2019-04-10 11:45:30,38.24
Urban,2019-04-10 14:27:37,26.68
Urban,2019-04-10 17:06:27,31.03
Urban,2019-04-10 17:12:30,10.94
Urban,2019-04-10 22:15:25,38.02
Urban,2019-04-10 23:38:24,25.4
Urban,2019-04-11 02:57:58,36.3
Urban,2019-04-11 03:38:08,27.54
Urban,2019-04-11 03:53:24,18.65
Urban,2019-04-11 04:26:34,22.03
Urban,2019-04-11 06:59:17,29.06
Urban,2019-04-11 09:09:53,42.97
Urban,2019-04-11 10:09:51,21.06
Urban,2019-04-11 10:26:44,9.1
Urban,2019-04-11 10:38:15,12.01
Urban,2019-04-11 13:41:32,33.12
Urban,2019-04-11 13:52:28,15.55
Urban,2019-04-11 14:40:12,16.63
Urban,2019-04-11 14:46:23,4.88
Urban,2019-04-11 19:49:34,25.92
Urban,2019-04-11 20:41:11,33.68
Urban,2019-04-11 21:32:27,22.48
Urban,2019-04-11 22:10:30,12.81
Urban,2019-04-11 23:49:34,38.35
Urban,2019-04-12 00:11:17,15.49
Urban,2019-04-12 01:13:32,21.18
Urban,2019-04-12 02:27:20,10.53
Urban,2019-04-12 03:38:12,43.34
Urban,2019-04-12 03:43:45,8.42
Urban,2019-04-12 05:18:16,41.45
Urban,2019-04-12 05:27:42,17.03
Urban,2019-04-12 05:32:59,35.51
Urban,2019-04-12 06:19:16,33.12
Urban,2019-04-12 06:49:43,11.55
Urban,2019-04-12 08:17:16,32.48
Urban,2019-04-12 11:58:28,28.65
Urban,2019-04-12 12:08:32,27.69
Urban,2019-04-12 12:30:28,17.57
Urban,2019-04-12 13:57:21,7.77
Urban,2019-04-12 14:37:13,22.91
Urban,2019-04-12 19:38:44,22.45
Urban,2019-04-12 23:29:11,27.81
Urban,2019-04-13 01:18:36,43.98
Urban,2019-04-13 05:14:30,23.73
Urban,2019-04-13 06:56:12,32.94
Urban,2019-04-13 07:37:48,20.09
Urban,2019-04-13 08:29:32,37.22
Urban,2019-04-13 09:52:43,22.39
Urban,2019-04-13 10:23:37,8.69
Urban,2019-04-13 10:54:14,18.25
Urban,2019-04-13 12:26:02,25.22
Urban,2019-04-13 18:15:37,40.93
Urban,2019-04-13 18:44:13,27.36
Urban,2019-04-13 19:46:33,40.2
Urban,2019-04-13 19:49:03,33.33
Urban,2019-04-13 21:47:30,32.08
Urban,2019-04-13 21:50:59,28.75
Urban,2019-04-14 01:20:33,37.93
Urban,2019-04-14 03:24:52,39.91
Urban,2019-04-14 05:11:17,13.13
Urban,2019-04-14 06:43:14,31.63
Urban,2019-04-14 11:56:28,43.01
Urban,2019-04-14 12:28:19,39.95
Urban,2019-04-14 14:48:43,24.34
Urban,2019-04-14 14:58:09,25.28
Urban,2019-04-14 16:26:12,32.57
Urban,2019-04-14 18:40:42,32.77
Urban,2019-04-14 19:46:06,8.05
Urban,2019-04-14 20:12:04,19.53
Urban,2019-04-14 21:17:20,38.95
Urban,2019-04-14 23:08:12,7.75
Urban,2019-04-15 01:36:17,24.3
Urban,2019-04-15 08:00:48,40.03
Urban,2019-04-15 09:17:59,35.45
Urban,2019-04-15 10:02:03,37.6
Urban,2019-04-15 11:02:50,43.82
Urban,2019-04-15 12:15:39,6.74
Urban,2019-04-15 16:09:08,44.74
Urban,2019-04-15 17:35:38,42.29
Urban,2019-04-15 20:37:17,17.76
Urban,2019-04-15 23:02:22,20.16
Urban,2019-04-16 01:06:17,17.47
Urban,2019-04-16 01:26:39,16.58
Urban,2019-04-16 05:05:36,27.1
Urban,2019-04-16 08:23:02,20.38
Urban,2019-04-16 09:48:39,36.11
Urban,2019-04-16 15:23:51,24.07
Urban,2019-04-16 16:16:39,25.65
Urban,2019-04-16 16:21:54,32.43
Urban,2019-04-16 18:34:44,9.2
Urban,2019-04-16 20:26:30,32.47
Urban,2019-04-16 22:02:06,24.63
Urban,2019-04-16 23:07:08,23.12
Urban,2019-04-16 23:13:24,39.32
Urban,2019-04-17 00:03:53,8.91
Urban,2019-04-17 00:28:25,41.19
Urban,2019-04-17 02:25:49,23.3
Urban,2019-04-17 02:26:37,23.0
Urban,2019-04-17 02:49:28,39.18
Urban,2019-04-17 06:23:18,16.34
Urban,2019-04-17 07:34:23,22.41
Urban,2019-04-17 10:37:06,11.76
Urban,2019-04-17 11:25:21,15.03
Urban,2019-04-17 18:42:23,42.3
Urban,2019-04-17 19:01:44,10.58
Urban,2019-04-17 20:05:26,44.43
Urban,2019-04-17 22:12:49,32.39
Urban,2019-04-18 00:39:00,33.73
Urban,2019-04-18 01:17:47,35.7
Urban,2019-04-18 01:40:39,34.7
Urban,2019-04-18 02:07:15,39.79
Urban,2019-04-18 06:03:51,39.95
Urban,2019-04-18 06:08:08,42.8
Urban,2019-04-18 06:58:23,24.48
Urban,2019-04-18 08:11:39,11.2
Urban,2019-04-18 08:44:07,12.35
Urban,2019-04-18 11:16:27,16.36
Urban,2019-04-18 11:41:23,29.12
Urban,2019-04-18 12:07:32,16.18
Urban,2019-04-18 12:19:12,22.42
Urban,2019-04-18 13:07:48,8.56
Urban,2019-04-18 14:39:19,23.56
Urban,2019-04-18 17:01:19,37.63
Urban,2019-04-18 17:41:28,22.51
Urban,2019-04-18 18:37:14,5.81
Urban,2019-04-18 20:05:50,32.74
Urban,2019-04-18 23:06:40,4.36
Urban,2019-04-18 23:10:20,31.16
Urban,2019-04-18 23:27:09,28.66
Urban,2019-04-19 00:05:32,25.4
Urban,2019-04-19 00:56:32,13.63
Urban,2019-04-19 01:55:51,42.53
Urban,2019-04-19 03:26:10,44.5
Urban,2019-04-19 04:53:19,22.86
Urban,2019-04-19 08:42:07,26.45
Urban,2019-04-19 09:46:19,35.79
Urban,2019-04-19 10:17:18,36.01
Urban,2019-04-19 12:57:51,4.55
Urban,2019-04-19 16:30:12,6.27
Urban,2019-04-19 19:35:08,26.47
Urban,2019-04-19 19:45:44,39.57
Urban,2019-04-19 20:35:20,5.75
Urban,2019-04-19 21:32:00,37.67
Urban,2019-04-20 02:16:07,16.27
Urban,2019-04-20 05:31:08,13.35
Urban,2019-04-20 05:31:15,23.69
Urban,2019-04-20 07:37:19,29.07
Urban,2019-04-20 09:38:12,23.65
Urban,2019-04-20 09:40:03,30.12
Urban,2019-04-20 18:57:54,29.84
Urban,2019-04-20 20:13:28,11.85
Urban,2019-04-20 21:40:03,40.06
Urban,2019-04-21 03:44:04,9.54
Urban,2019-04-21 04:50:53,4.96
Urban,2019-04-21 10:31:27,32.85
Urban,2019-04-21 11:42:56,7.44
Urban,2019-04-21 15:15:52,5.31
Urban,2019-04-21 15:29:53,36.47
Urban,2019-04-21 18:31:07,21.98
Urban,2019-04-21 23:00:18,13.53
Urban,2019-04-21 23:26:52,26.99
Urban,2019-04-21 23:32:00,33.37
Urban,2019-04-22 00:38:57,8.89
Urban,2019-04-22 02:31:34,9.14
Urban,2019-04-22 02:38:23,9.72
Urban,2019-04-22 03:06:56,39.74
Urban,2019-04-22 03:15:33,43.62
Urban,2019-04-22 03:32:37,29.67
Urban,2019-04-22 04:12:02,31.29
Urban,2019-04-22 08:14:31,19.95
Urban,2019-04-22 12:29:10,27.54
Urban,2019-04-22 15:53:37,6.49
Urban,2019-04-22 16:43:04,7.91
Urban,2019-04-22 16:48:28,9.7
Urban,2019-04-22 21:34:17,42.52
Urban,2019-04-22 21:37:41,22.86
Urban,2019-04-22 23:30:50,30.03
Urban,2019-04-23 01:14:28,40.39
Urban,2019-04-23 02:57:08,13.01
Urban,2019-04-23 08:59:48,14.65
Urban,2019-04-23 09:19:31,12.34
Urban,2019-04-23 09:19:40,32.4
Urban,2019-04-23 21:11:11,26.92
Urban,2019-04-24 02:21:17,37.73
Urban,2019-04-24 02:25:52,13.32
Urban,2019-04-24 03:20:14,7.31
Urban,2019-04-24 08:02:27,14.55
Urban,2019-04-24 08:05:51,14.11
Urban,2019-04-24 08:49:13,28.24
Urban,2019-04-24 11:33:04,28.76
Urban,2019-04-24 11:54:24,5.31
Urban,2019-04-24 12:57:40,34.67
Urban,2019-04-24 13:07:44,9.78
Urban,2019-04-24 14:27:01,32.22
Urban,2019-04-24 18:35:25,28.87
Urban,2019-04-24 19:33:56,38.04
Urban,2019-04-24 23:45:26,19.73
Urban,2019-04-25 00:15:02,10.26
Urban,2019-04-25 00:37:43,26.84
Urban,2019-04-25 03:29:08,9.44
Urban,2019-04-25 03:29:09,41.52
Urban,2019-04-25 05:20:00,36.71
Urban,2019-04-25 06:22:17,35.39
Urban,2019-04-25 09:50:07,25.5
Urban,2019-04-25 11:18:54,34.05
Urban,2019-04-25 14:14:21,22.75
Urban,2019-04-25 14:28:31,10.86
Urban,2019-04-25 14:44:55,24.86
Urban,2019-04-25 14:57:12,44.39
Urban,2019-04-25 15:55:24,26.44
Urban,2019-04-25 20:57:43,21.7
Urban,2019-04-25 22:58:38,29.67
Urban,2019-04-25 23:04:28,19.43
Urban,2019-04-26 00:30:10,20.89
Urban,2019-04-26 00:43:24,35.98
Urban,2019-04-26 04:05:05,28.44
Urban,2019-04-26 04:18:46,18.92
Urban,2019-04-26 04:37:07,42.99
Urban,2019-04-26 04:45:54,44.37
Urban,2019-04-26 08:12:39,7.68
Urban,2019-04-26 08:31:23,19.99
Urban,2019-04-26 08:41:02,8.83
Urban,2019-04-26 09:31:22,33.71
Urban,2019-04-26 12:08:00,35.33
Urban,2019-04-26 17:02:03,4.63
Urban,2019-04-26 22:20:18,29.22
Urban,2019-04-27 00:19:08,16.89
Urban,2019-04-27 00:34:07,37.74
Urban,2019-04-27 00:58:54,27.78
Urban,2019-04-27 08:48:36,12.84
Urban,2019-04-27 10:55:00,11.42
Urban,2019-04-27 11:18:02,27.89
Urban,2019-04-27 11:59:25,30.31
Urban,2019-04-27 12:31:49,41.48
Urban,2019-04-27 12:41:46,18.99
Urban,2019-04-27 14:11:38,37.6
Urban,2019-04-27 14:57:38,44.73
Urban,2019-04-27 16:20:00,6.62
Urban,2019-04-27 16:22:23,25.67
Urban,2019-04-27 20:41:36,8.28
Urban,2019-04-27 23:26:03,19.06
Urban,2019-04-28 00:26:35,5.42
Urban,2019-04-28 02:38:11,39.41
Urban,2019-04-28 04:00:40,39.82
Urban,2019-04-28 04:34:56,40.46
Urban,2019-04-28 08:15:09,22.86
Urban,2019-04-28 09:03:54,15.0
Urban,2019-04-28 09:10:04,5.73
Urban,2019-04-28 09:25:03,37.35
Urban,2019-04-28 10:54:14,10.07
Urban,2019-04-28 12:48:34,33.35
Urban,2019-04-28 14:28:36,11.46
Urban,2019-04-28 16:29:16,36.42
Urban,2019-04-28 17:26:52,31.43
Urban,2019-04-29 00:20:22,44.28
Urban,2019-04-29 01:12:26,27.04
Urban,2019-04-29 01:22:02,36.7
Urban,2019-04-29 02:49:02,41.27
Urban,2019-04-29 06:57:26,23.99
Urban,2019-04-29 07:38:14,9.08
Urban,2019-04-29 07:50:06,17.89
Urban,2019-04-29 10:20:58,28.73
Urban,2019-04-29 11:39:07,19.8
Urban,2019-04-29 13:54:33,5.16
Urban,2019-04-29 19:55:36,32.1
Urban,2019-04-29 20:54:19,28.41
Urban,2019-04-29 21:20:41,13.59
Urban,2019-04-29 23:05:04,14.59
Urban,2019-04-30 00:42:10,36.07
Urban,2019-04-30 05:22:36,28.89
Urban,2019-04-30 08:22:19,37.41
Urban,2019-04-30 11:44:33,5.6
Urban,2019-04-30 14:45:49,40.08
Urban,2019-04-30 16:02:17,37.48
Urban,2019-04-30 19:54:09,29.84
Urban,2019-04-30 21:38:38,5.7
Urban,2019-04-30 23:36:58,14.81
Urban,2019-05-01 01:26:21,26.81
Urban,2019-05-01 02:18:03,27.45
Urban,2019-05-01 03:12:49,8.28
Urban,2019-05-01 04:34:24,8.67
Urban,2019-05-01 04:53:47,10.97
Urban,2019-05-01 12:39:07,39.8
Urban,2019-05-01 13:29:10,10.3
Urban,2019-05-01 13:56:38,22.59
Urban,2019-05-01 17:20:29,4.97
Urban,2019-05-01 17:43:35,23.76
Urban,2019-05-01 19:03:17,23.23
Urban,2019-05-01 21:53:42,8.28
Urban,2019-05-01 23:05:39,38.46
Urban,2019-05-02 01:04:26,24.23
Urban,2019-05-02 02:19:02,32.38
Urban,2019-05-02 04:14:34,35.76
Urban,2019-05-02 10:24:46,29.86
Urban,2019-05-02 12:46:00,42.42
Urban,2019-05-02 13:55:01,38.77
Urban,2019-05-02 18:20:46,12.08
Urban,2019-05-02 20:17:54,4.23
Urban,2019-05-02 21:02:33,17.12
Urban,2019-05-02 21:36:24,21.8
Urban,2019-05-02 23:25:49,11.94
Urban,2019-05-03 00:07:06,16.44
Urban,2019-05-03 01:24:27,44.85
Urban,2019-05-03 02:36:46,31.62
Urban,2019-05-03 02:49:42,36.06
Urban,2019-05-03 04:49:15,21.38
Urban,2019-05-03 05:43:29,42.15
Urban,2019-05-03 09:04:03,24.07
Urban,2019-05-03 11:43:11,8.3
Urban,2019-05-03 12:09:12,21.67
Urban,2019-05-03 12:46:04,14.43
Urban,2019-05-03 14:33:41,41.12
Urban,2019-05-03 15:26:01,25.68
Urban,2019-05-03 15:31:44,32.68
Urban,2019-05-03 15:35:53,19.97
Urban,2019-05-03 16:09:36,19.69
Urban,2019-05-03 20:22:47,21.11
Urban,2019-05-03 22:33:04,9.01
Urban,2019-05-04 02:33:59,24.09
Urban,2019-05-04 02:54:31,15.14
Urban,2019-05-04 04:36:23,5.36
Urban,2019-05-04 09:10:40,28.3
Urban,2019-05-04 09:50:38,21.62
Urban,2019-05-04 10:28:25,41.54
Urban,2019-05-04 11:41:43,33.11
Urban,2019-05-04 12:38:38,8.81
Urban,2019-05-04 14:48:56,25.66
Urban,2019-05-04 14:56:45,32.8
Urban,2019-05-04 15:20:09,36.77
Urban,2019-05-04 15:30:04,28.93
Urban,2019-05-04 21:50:30,21.44
Urban,2019-05-05 00:44:55,7.76
Urban,2019-05-05 01:24:06,27.57
Urban,2019-05-05 02:00:02,21.74
Urban,2019-05-05 03:19:39,22.24
Urban,2019-05-05 05:18:46,10.15
Urban,2019-05-05 06:26:50,25.3
Urban,2019-05-05 09:46:32,26.54
Urban,2019-05-05 10:34:50,17.05
Urban,2019-05-05 11:21:47,18.77
Urban,2019-05-05 14:17:49,23.66
Urban,2019-05-05 15:15:23,38.15
Urban,2019-05-05 15:47:32,37.75
Urban,2019-05-05 17:29:14,30.47
Urban,2019-05-05 17:38:07,14.95
Urban,2019-05-06 01:06:46,17.63
Urban,2019-05-06 05:05:46,43.43
Urban,2019-05-06 12:39:09,40.79
Urban,2019-05-06 19:34:45,26.43
Urban,2019-05-06 22:21:58,27.16
Urban,2019-05-06 23:22:49,25.76
Urban,2019-05-07 01:03:12,12.35
Urban,2019-05-07 02:52:22,36.51
Urban,2019-05-07 05:55:00,6.89
Urban,2019-05-07 08:47:24,25.83
Urban,2019-05-07 10:11:06,29.66
Urban,2019-05-07 11:23:59,22.72
Urban,2019-05-07 12:25:01,4.47
Urban,2019-05-07 12:30:58,34.03
Urban,2019-05-07 14:58:12,36.22
Urban,2019-05-07 17:27:48,6.39
Urban,2019-05-07 20:05:15,24.2
Urban,2019-05-07 20:22:19,18.74
Urban,2019-05-08 01:54:18,32.69
Urban,2019-05-08 02:31:25,41.33
Urban,2019-05-08 04:20:00,21.99
Urban,2019-05-08 04:39:49,18.45
Urban,2019-05-08 07:29:01,18.55
Urban,2019-05-08 11:38:35,19.77
Urban,2019-05-08 13:10:18,18.04
